product_id,name,manufacturer,laptop_height_mm,laptop_width_mm,cpu_boost_clock_ghz,root_price_vnd,cpu_threads,cpu_cores,ram_speed,discounted_price_vnd,ram_type,refresh_rate_hz,cpu_base_clock_ghz,ram_slots,battery_capacity_wh,cpu_model,vga_type,laptop_depth_mm,vga_vram_gb,laptop_camera
0220042002272__l46_20250402-105034,Laptop Acer Aspire 5 A515 58P 34RJ i3 1315U/8GB/512GB/Win11 (NX.KHJSV.003),acer,237.5,362.9,4.5,,8.0,6.0,4800.0,,lpddr5,60.0,1.2,0.0,50.0,1315u,card tích hợp,17.99,,HD
0220042002367__l9_20250402-105034,Laptop Asus Vivobook 15 X1504ZA i3 1215U/8GB/512GB/Win11 (NJ102W),asus,232.5,359.7,4.4,12290000.0,8.0,6.0,3200.0,10690000.0,ddr4,60.0,1.2,2.0,42.0,1215u,card tích hợp,17.9,,HD
0220042001279__l4_20250402-105034,Laptop MacBook Air 13 inch M1 8GB/256GB (MGN63SA/A),apple,212.4,304.1,3.2,19990000.0,,8.0,4266.0,17190000.0,,60.0,,0.0,,apple m1,card tích hợp,4.1,,HD
0220042001887__l133_20250402-105034,Laptop Acer Aspire 5 A514 54 5127 i5 1135G7/8GB/512GB/Win11 (NX.A28SV.007),acer,223.0,328.0,4.2,,8.0,4.0,2666.0,,ddr4,60.0,2.4,1.0,48.0,1135g7,card tích hợp,17.95,,HD
0220042002045__l185_20250402-105034,Laptop HP 240 G9 i5 1235U/8GB/512GB/Win11 (6L1Y2PA),hp,225.9,324.0,4.4,,12.0,10.0,3200.0,,ddr4,60.0,1.3,2.0,41.0,1235u,card tích hợp,19.9,,HD
0220042002137__l155_20250402-105034,Laptop Dell Inspiron 15 3520 i5 1235U/8GB/512GB/120Hz/OfficeHS/Win11 (i5U085W11BLU),dell,235.56,358.5,4.4,15490000.0,12.0,10.0,2666.0,14490000.0,ddr4,120.0,1.3,2.0,41.0,1235u,card tích hợp,18.99,,HD
0220042002164__l93_20250402-105034,Laptop HP Pavilion 15 eg2088TU i7 1260P/16GB/512GB/Win11 (7C0R0PA),hp,234.0,360.2,4.7,25290000.0,16.0,12.0,3200.0,21690000.0,ddr4,60.0,2.1,2.0,41.04,1260p,card tích hợp,17.9,,HD
0220042002182__l105_20250402-105034,Laptop HP Pavilion 15 eg2082TU i5 1240P/8GB/512GB/Win11 (7C0Q5PA),hp,234.0,360.2,4.4,19790000.0,16.0,12.0,3200.0,16990000.0,ddr4,60.0,1.7,2.0,41.04,1240p,card tích hợp,17.9,,HD
0220042002196__l156_20250402-105034,Laptop Dell Vostro 15 3520 i5 1235U/8GB/512GB/120Hz/OfficeHS/Win11 (5M2TT2),dell,235.56,358.5,4.4,15490000.0,12.0,10.0,3200.0,13990000.0,ddr4,120.0,1.3,2.0,41.0,1235u,card tích hợp,19.0,,HD
0220042002205__l96_20250402-105034,Laptop Acer Aspire 3 A315 59 5283 i5 1235U/8GB/512GB/Win11 (NX.K6TSV.00B),acer,241.26,362.9,4.4,15990000.0,12.0,10.0,2400.0,12390000.0,ddr4,60.0,1.3,2.0,40.0,1235u,card tích hợp,19.9,,HD
0220042002215__l203_20250402-105034,Laptop Asus Vivobook 15 X1504VA i5 1335U/8GB/512GB/Win11 (NJ025W),asus,232.5,359.7,4.6,17990000.0,12.0,10.0,3200.0,15690000.0,ddr4,60.0,1.3,2.0,42.0,1335u,card tích hợp,17.9,,HD
0220042002216__l194_20250402-105034,Laptop Asus Vivobook 15 X1504VA i7 1355U/16GB/512GB/Win11 (NJ023W),asus,232.5,359.7,5.0,22990000.0,12.0,10.0,3200.0,20290000.0,ddr4,60.0,1.7,2.0,42.0,1355u,card tích hợp,17.9,,HD
0220042002244__l111_20250402-105034,Laptop HP 15s fq5147TU i7 1255U/8GB/512GB/Win11 (7C133PA),hp,242.0,358.5,4.7,,12.0,10.0,3200.0,,ddr4,60.0,1.7,2.0,41.0,1255u,card tích hợp,17.9,,HD
0220042002245__l306_20250402-105034,Laptop Asus Vivobook 14 A1405VA i3 1315U/8GB/512GB/Win11 (LY097W),asus,222.0,317.1,4.5,,8.0,6.0,3200.0,,ddr4,60.0,1.2,2.0,42.0,1315u,card tích hợp,19.9,,HD
0220042002304__l243_20250402-105034,Laptop Dell Inspiron 15 3530 i5 1335U/8GB/512GB/120Hz/OfficeHS/Win11 (N3530-i5U085W11BLU),dell,235.56,358.5,4.6,18490000.0,12.0,10.0,2666.0,16990000.0,ddr4,120.0,1.3,2.0,41.0,1335u,card tích hợp,16.96,,HD
0220042002307__l76_20250402-105034,Laptop Asus Vivobook 16 X1605VA i5 1335U/16GB/512GB/Win11 (MB360W),asus,249.5,358.7,4.6,18990000.0,12.0,10.0,3200.0,14690000.0,ddr4,60.0,1.3,2.0,42.0,1335u,card tích hợp,19.9,,HD
0220042002317__l94_20250402-105034,Laptop HP Pavilion 15 eg2081TU i5 1240P/16GB/512GB/Win11 (7C0Q4PA),hp,234.0,360.2,4.4,20990000.0,16.0,12.0,3200.0,18190000.0,ddr4,60.0,1.7,2.0,41.0,1240p,card tích hợp,17.9,,HD
0220042002334__l318_20250402-105034,Laptop MSI Modern 15 B12MO i7 1255U/16GB/512GB/Win11 (487VN),msi,241.0,359.0,4.7,19490000.0,12.0,10.0,3200.0,15690000.0,ddr4,60.0,1.7,0.0,39.3,1255u,card tích hợp,19.9,,HD
0220042002338__l60_20250402-105034,Laptop Asus Vivobook 15 OLED A1505VA i5 13500H/16GB/512GB/Win11 (L1341W),asus,227.6,356.8,4.7,19990000.0,16.0,12.0,3200.0,17690000.0,ddr4,60.0,2.6,2.0,50.0,13500h,card tích hợp,19.9,,HD
0220042002348__l36_20250402-105034,Laptop MSI Modern 15 B12MO i5 1235U/16GB/512GB/Win11 (628VN),msi,241.0,359.0,4.4,14990000.0,12.0,10.0,3200.0,12690000.0,ddr4,60.0,1.3,0.0,39.3,1235u,card tích hợp,19.9,,HD
0220042002351__l0_20250402-105034,Laptop Asus Vivobook Go 15 E1504FA R5 7520U/16GB/512GB/Win11 (NJ776W),asus,232.5,360.3,4.3,14490000.0,8.0,4.0,5500.0,12690000.0,lpddr5,60.0,2.8,0.0,42.0,7520u,card tích hợp,17.9,,HD
0220042002353__l207_20250402-105034,Laptop Asus Vivobook 15 OLED A1505ZA i5 12500H/16GB/512GB/Win11 (L1337W),asus,227.6,356.8,4.5,,16.0,12.0,2933.0,,ddr4,60.0,2.5,2.0,50.0,12500h,card tích hợp,19.9,,HD
0220042002355__l130_20250402-105034,Laptop HP Pavilion 15 eg3094TU i5 1335U/8GB/512GB/Win11 (8C5L5PA),hp,234.0,360.2,4.6,19990000.0,12.0,10.0,3200.0,16790000.0,ddr4,60.0,1.3,2.0,41.0,1335u,card tích hợp,18.0,,HD
0220042002356__l20_20250402-105034,Laptop HP Pavilion 15 eg3093TU i5 1335U/16GB/512GB/Win11 (8C5L4PA),hp,234.0,360.2,4.6,21290000.0,12.0,10.0,3200.0,18190000.0,ddr4,60.0,1.3,2.0,41.0,1335u,card tích hợp,18.0,,HD
0220042002357__l61_20250402-105034,Laptop HP Pavilion 15 eg3091TU i7 1355U/16GB/512GB/Win11 (8C5L2PA),hp,234.0,360.2,5.0,25290000.0,12.0,10.0,3200.0,23690000.0,ddr4,60.0,1.7,2.0,41.0,1355u,card tích hợp,18.0,,HD
0220042002379__l154_20250402-105034,Laptop Acer Gaming Aspire 7 A715 76G 59MW i5 12450H/8GB/512GB/4GB RTX2050/144Hz/Win11 (NH.QMYSV.001),acer,237.4,362.3,4.4,,12.0,8.0,3200.0,,ddr4,144.0,2.0,2.0,50.0,12450h,card rời,19.9,4.0,HD
0220042002387__l23_20250402-105034,Laptop Lenovo Ideapad Slim 3 15IAH8 i5 12450H/16GB/512GB/Win11 (83ER000EVN),lenovo,235.0,359.3,4.4,15990000.0,12.0,8.0,4800.0,14690000.0,lpddr5,60.0,2.0,0.0,47.0,12450h,card tích hợp,17.9,,Full HD
0220042002395__l63_20250402-105034,Laptop Lenovo Ideapad 1 15ALC7 R7 5700U/16GB/512GB/Win11 (82R400C1VN),lenovo,236.0,360.2,4.3,14490000.0,16.0,8.0,3200.0,13690000.0,ddr4,60.0,1.8,2.0,42.0,5700u,card tích hợp,17.9,,HD
0220042002449__l147_20250402-105034,Laptop HP Probook 450 G10 i5 1335U/16GB/512GB/Win11 (873D1PA),hp,233.9,359.4,4.6,22590000.0,12.0,10.0,3200.0,21490000.0,ddr4,60.0,1.3,2.0,51.0,1335u,card tích hợp,19.9,,HD
0220042002450__l195_20250402-105034,Laptop HP Probook 450 G10 i7 1355U/16GB/512GB/Win11 (873D3PA),hp,233.9,359.4,5.0,,12.0,10.0,3200.0,,ddr4,60.0,1.7,2.0,51.0,1355u,card tích hợp,19.9,,HD
0220042002451__l164_20250402-105034,Laptop HP Elitebook 630 G10 i7 1355U/16GB/512GB/Win11 (873F2PA),hp,208.4,306.9,5.0,27790000.0,12.0,10.0,3200.0,27490000.0,ddr4,60.0,1.7,2.0,42.0,1355u,card tích hợp,15.9,,HD
0220042002452__l209_20250402-105034,Laptop HP Pavilion 15 eg3095TU i5 1335U/8GB/512GB/Win11 (8C5L6PA),hp,234.0,360.2,4.6,19990000.0,12.0,10.0,3200.0,16790000.0,ddr4,60.0,1.3,2.0,41.0,1335u,card tích hợp,17.9,,HD
0220042002463__l88_20250402-105034,Laptop Asus Vivobook 14 X1404VA i5 1335U/16GB/512GB/Win11 (NK050W),asus,213.9,324.9,4.6,18490000.0,12.0,10.0,2933.0,14590000.0,ddr4,60.0,1.3,2.0,42.0,1335u,card tích hợp,17.9,,HD
0220042002465__l33_20250402-105034,Laptop Asus Vivobook X1404ZA i3 1215U/8GB/512GB/Win11 (NK246W),asus,213.9,324.9,4.4,11990000.0,8.0,6.0,2933.0,10490000.0,ddr4,60.0,1.2,2.0,42.0,1215u,card tích hợp,17.9,,HD
0220042002466__l71_20250402-105034,Laptop HP 240 G8 i3 1115G4/8GB/512GB/Win11 (6L1A2PA),hp,225.9,324.0,4.1,,4.0,2.0,3200.0,,ddr4,60.0,3.0,2.0,41.0,1115g4,card tích hợp,19.9,,HD
0220042002497__l101_20250402-105034,Laptop Apple MacBook Air 13 inch M2 16GB/256GB/10GPU (Z15S),apple,215.0,304.1,3.5,29990000.0,,8.0,6400.0,23090000.0,,60.0,3.2,0.0,,apple m2,card tích hợp,11.3,,Full HD
0220042002498__l101_20250402-105034,Laptop Apple MacBook Air 13 inch M2 16GB/256GB/10GPU (Z15W),apple,215.0,304.1,3.5,29990000.0,,8.0,6400.0,23090000.0,,60.0,3.2,0.0,,apple m2,card tích hợp,11.3,,Full HD
0220042002500__l101_20250402-105034,Laptop Apple MacBook Air 13 inch M2 16GB/256GB/10GPU (Z160),apple,215.0,304.1,3.5,29990000.0,,8.0,6400.0,23090000.0,,60.0,3.2,0.0,,apple m2,card tích hợp,11.3,,Full HD
0220042002535__l78_20250402-105034,Laptop Asus Zenbook 14 OLED UX3405MA Ultra 5 125H/16GB/512GB/Win11,asus,220.1,312.4,4.5,28990000.0,18.0,14.0,5200.0,26690000.0,lpddr5,120.0,1.2,0.0,75.0,125h,card tích hợp,14.9,,Full HD
0220042002552__l216_20250402-105034,Laptop Dell Inspiron 15 3520 i5 1235U/8GB/512GB/120Hz/OfficeHS/KYHD/Win11 (71027003),dell,235.56,358.5,4.4,15490000.0,12.0,10.0,2666.0,13990000.0,ddr4,120.0,1.3,2.0,41.0,1235u,card tích hợp,18.99,,HD
0220042002557__l95_20250402-105034,Laptop Asus Zenbook 14 OLED UX3405MA Ultra 7 155H/32GB/1TB/120Hz/Win11 (PP152W),asus,220.1,312.4,4.8,34990000.0,22.0,16.0,4800.0,31690000.0,lpddr5,120.0,1.4,0.0,75.0,155h,card tích hợp,14.9,,Full HD
0220042002559__l22_20250402-105034,Laptop Acer Aspire 3 A315 44P R9W8 R7 5700U/8GB/512GB/Win11 (NX.KSJSV.002),acer,241.26,362.9,4.3,12990000.0,16.0,8.0,3200.0,10990000.0,ddr4,60.0,1.8,2.0,50.0,5700u,card tích hợp,19.9,,HD
0220042002561__l170_20250402-105034,Laptop Acer Aspire 5 A514 56P 54TN i5 1335U/8GB/512GB/Win11 (NX.KHRSV.004),acer,225.5,318.8,4.6,15990000.0,12.0,10.0,6400.0,13990000.0,lpddr5,60.0,1.3,0.0,50.0,1335u,card tích hợp,17.99,,HD
0220042002565__l43_20250402-105034,Laptop Lenovo Ideapad Slim 5 14IAH8 i5 12450H/16GB/1TB/Win11 (83BF003WVN),lenovo,221.0,312.0,4.4,18490000.0,12.0,8.0,4800.0,17690000.0,lpddr5,60.0,2.0,0.0,56.6,12450h,card tích hợp,17.9,,Full HD
0220042002566__l35_20250402-105034,Laptop Lenovo Gaming LOQ 15IAX9 i5 12450HX/16GB/512GB/6GB RTX3050/144Hz/Win11 (83GS000JVN),lenovo,258.7,359.86,4.4,24990000.0,12.0,8.0,4800.0,21690000.0,ddr5,144.0,,2.0,60.0,12450hx,card rời,23.9,6.0,HD
0220042002567__l210_20250402-105034,Laptop Dell Vostro 15 3520 i5 1235U/8GB/512GB/120Hz/OfficeHS/KYHD/Win11 (V5I5610W1),dell,234.9,358.5,4.4,15490000.0,12.0,10.0,2666.0,14490000.0,ddr4,120.0,1.3,2.0,41.0,1235u,card tích hợp,17.5,,HD
0220042002569__l228_20250402-105034,Laptop MSI Gaming Katana A15 AI B8VE R7 8845HS/16GB/512GB/6GB RTX4050/144Hz/Win11 (402VN),msi,259.0,359.0,5.1,,16.0,8.0,5600.0,28990000.0,ddr5,144.0,3.8,2.0,53.5,8845hs,card rời,24.9,6.0,HD
0220042002575__l7_20250402-105034,Laptop Acer Aspire 3 A314 42P R3B3 R7 5700U/16GB/512GB/Win11 (NX.KSFSV.001),acer,225.5,318.2,4.3,13990000.0,16.0,8.0,4266.0,11990000.0,lpddr4,60.0,1.8,0.0,50.0,5700u,card tích hợp,17.8,,HD
0220042002577__l19_20250402-105034,Laptop Asus Vivobook X1404ZA i5 1235U/16GB/512GB/Win11 (NK376W),asus,213.9,324.9,4.4,16490000.0,12.0,10.0,3200.0,14490000.0,ddr4,60.0,1.3,2.0,42.0,1235u,card tích hợp,17.9,,HD
0220042002599__l51_20250402-105034,Laptop MacBook Air 13 inch M3 16GB/512GB (MXCU3SA/A),apple,215.0,304.1,4.05,32990000.0,,8.0,6400.0,28690000.0,,60.0,3.4,0.0,,hãng không công bố,card tích hợp,11.3,,Full HD
0220042002632__l198_20250402-105034,Laptop MSI Prestige 13 AI Evo A1MG Ultra 7 155H/32GB/1TB/Win11 (062VN),msi,210.0,299.0,4.8,33990000.0,22.0,16.0,6400.0,33690000.0,lpddr5,60.0,1.4,0.0,75.0,155h,card tích hợp,16.9,,Full HD
0220042002633__l108_20250402-105034,Laptop Acer Aspire 5 A515 58M 56YX i5 13420H/16GB/512GB/Win11 (NX.KQ8SV.005),acer,237.5,362.9,4.6,17490000.0,12.0,8.0,4800.0,14990000.0,lpddr5,60.0,2.1,0.0,50.0,13420h,card tích hợp,17.9,,Full HD
0220042002635__l5_20250402-105034,Laptop HP 15 fd0234TU i5 1334U/16GB/512GB/Win11 (9Q969PA),hp,236.0,359.8,4.6,19790000.0,12.0,10.0,3200.0,15890000.0,ddr4,60.0,1.3,2.0,41.0,1334u,card tích hợp,18.6,,HD
0220042002636__l48_20250402-105034,Laptop HP 240 G10 i5 1335U/16GB/512GB/Win11 (9H2E4PT),hp,215.0,324.0,4.6,19590000.0,12.0,10.0,3200.0,17590000.0,ddr4,60.0,1.3,2.0,41.0,1335u,card tích hợp,17.9,,HD
0220042002638__l115_20250402-105034,Laptop HP Elitebook 630 G10 i5 1335U/16GB/512GB/Win11 (9J0B4PT),hp,208.4,306.9,4.6,23590000.0,12.0,10.0,3200.0,22490000.0,ddr4,60.0,1.3,2.0,42.0,1335u,card tích hợp,15.9,,HD
0220042002640__l308_20250402-105034,Laptop HP Gaming VICTUS 16 r0228TX i5 13500H/32GB/512GB/6GB RTX4050/144Hz/Win11 (9Q979PA),hp,259.4,369.0,4.7,,16.0,12.0,5200.0,33290000.0,ddr5,144.0,2.6,2.0,70.0,13500h,card rời,23.9,6.0,Full HD
0220042002641__l309_20250402-105034,Laptop HP Gaming VICTUS 16 r0227TX i5 13500H/32GB/512GB/8GB RTX4060/144Hz/Win11 (9Q978PA),hp,259.4,369.0,4.7,,16.0,12.0,5200.0,34890000.0,ddr5,144.0,2.6,2.0,70.0,13500h,card rời,23.9,8.0,Full HD
0220042002645__l299_20250402-105034,Laptop HP Gaming OMEN 16 xf0070AX R9 7940HS/32GB/1TB/8GB RTX4070/240Hz/Win11 (8W945PA),hp,259.4,369.0,5.2,,16.0,8.0,5600.0,62890000.0,ddr5,240.0,4.0,2.0,83.0,7940hs,card rời,23.5,8.0,Full HD
0220042002646__l307_20250402-105034,Laptop HP Elitebook 630 G10 i5 1335U/16GB/512GB/Win11 (9J0B5PT),hp,208.4,306.9,4.6,24390000.0,12.0,10.0,3200.0,23290000.0,ddr4,60.0,1.3,2.0,42.0,1335u,card tích hợp,15.9,,HD
0220042002650__l205_20250402-105034,Laptop Dell Vostro 15 3520 i5 1235U/16GB/512GB/120Hz/OfficeHS/KYHD/Win11 (i5U165W11GRU),dell,235.56,358.5,4.4,16990000.0,12.0,10.0,2666.0,16490000.0,ddr4,120.0,1.3,2.0,41.0,1235u,card tích hợp,18.99,,HD
0220042002653__l244_20250402-105034,Laptop Asus Zenbook 14 OLED UX3405MA Ultra 9 185H/32GB/1TB/120Hz/Win11 (PP475W),asus,220.1,312.4,5.1,36990000.0,22.0,16.0,4800.0,33990000.0,lpddr5,120.0,,0.0,75.0,185h,card tích hợp,14.9,,Full HD
0220042002659__l235_20250402-105034,Laptop HP Gaming VICTUS 16 r0127TX i7 13700H/16GB/512GB/8GB RTX4060/144Hz/Win11 (8C5N2PA),hp,259.4,369.0,5.0,38390000.0,20.0,14.0,5200.0,34290000.0,ddr5,144.0,,2.0,70.0,13700h,card rời,23.9,8.0,Full HD
0220042002679__l251_20250402-105034,Laptop MSI Creator M16 HX C14VFG i7 14700HX/32GB/1TB/8GB RTX4060/240Hz/Win11 (040VN),msi,266.44,359.0,5.5,,28.0,20.0,5600.0,45990000.0,ddr5,240.0,,2.0,65.0,14700hx,card rời,21.81,8.0,HD
0220042002660__l188_20250402-105034,Laptop Acer Swift Go 14 AI SFG14 73 53X7 Ultra 5 125H/16GB/512GB/Win11 (NX.KSLSV.001),acer,217.9,312.9,4.5,23990000.0,18.0,14.0,6400.0,22990000.0,lpddr5,120.0,,0.0,65.0,125h,card tích hợp,14.9,,Full HD
0220042002661__l212_20250402-105034,Laptop Acer Swift Go 14 AI SFG14 73 71ZX Ultra 7 155H/16GB/512GB/Win11 (NX.KSLSV.002),acer,217.9,312.9,4.8,26990000.0,22.0,16.0,6400.0,25790000.0,lpddr5,120.0,1.4,0.0,65.0,155h,card tích hợp,14.9,,Full HD
0220042002663__l40_20250402-105034,Laptop Dell Inspiron 15 3520 i5 1235U/16GB/512GB/120Hz/OfficeHS/Win11 (N5I5052W1),dell,235.56,358.5,4.4,16990000.0,12.0,10.0,2666.0,16490000.0,ddr4,120.0,1.3,2.0,41.0,1235u,card tích hợp,16.96,,HD
0220042002665__l180_20250402-105034,Laptop Dell Inspiron 14 5440 Core 7 150U/16GB/512GB/OfficeHS/Win11 (N4I7204W1),dell,226.15,314.0,5.4,26490000.0,12.0,10.0,5200.0,24990000.0,ddr5,60.0,,2.0,54.0,150u,card tích hợp,18.07,,Full HD
0220042002667__l215_20250402-105034,Laptop Dell Inspiron 15 3530 i7 1355U/16GB/1TB/120Hz/OfficeHS/Win11 (P16WD),dell,235.6,358.5,5.0,23490000.0,12.0,10.0,2666.0,22490000.0,ddr4,120.0,,2.0,54.0,1355u,card tích hợp,19.0,,HD
0220042002670__l15_20250402-105034,Laptop Asus Vivobook 15 OLED A1505ZA i5 12500H/16GB/512GB/120Hz/Win11 (MA415W),asus,227.6,356.8,4.5,19990000.0,16.0,12.0,3200.0,16490000.0,ddr4,120.0,2.5,2.0,50.0,12500h,card tích hợp,19.9,,HD
0220042002672__l121_20250402-105034,Laptop Asus Vivobook S 16 OLED S5606MA Ultra 5 125H/16GB/512GB/120Hz/Win11 (MX050W),asus,246.9,353.6,4.5,27990000.0,18.0,14.0,7467.0,23690000.0,lpddr5,120.0,1.2,0.0,75.0,125h,card tích hợp,15.9,,Full HD
0220042002673__l47_20250402-105034,Laptop Asus Zenbook 14 OLED UX3402VA i5 13500H/16GB/512GB/90Hz/Win11 (KM657W),asus,220.6,313.6,4.7,26990000.0,16.0,12.0,4266.0,23190000.0,lpddr5,90.0,2.6,0.0,75.0,13500h,card tích hợp,16.9,,Full HD
0220042002677__l236_20250402-105034,Laptop MSI Creator Z17 HX Studio A14VGT i7 14700HX/32GB/2TB/8GB RTX4070/165Hz/Win11 (272VN),msi,260.0,382.0,5.5,,28.0,20.0,5600.0,71990000.0,ddr5,165.0,2.1,2.0,90.0,14700hx,card rời,19.0,8.0,Full HD
0220042002681__l13_20250402-105034,Laptop Lenovo Ideapad Slim 3 15AMN8 R5 7520U/16GB/512GB/Win11 (82XQ00J0VN),lenovo,235.0,359.3,4.3,14390000.0,8.0,4.0,5500.0,13190000.0,lpddr5,60.0,2.8,0.0,47.0,7520u,card tích hợp,17.9,,HD
0220042002682__l197_20250402-105034,Laptop Lenovo Yoga Slim 7 14IMH9 Ultra 7 155H/32GB/1TB/OfficeHS/Win11 (83CV001VVN),lenovo,221.0,312.0,4.8,31990000.0,22.0,16.0,7467.0,30490000.0,lpddr5,60.0,1.4,0.0,65.0,155h,card tích hợp,14.9,,Full HD
0220042002690__l51_20250402-105034,Laptop MacBook Air 13 inch M3 16GB/512GB (Z1B600238),apple,215.0,304.1,4.05,,,8.0,6400.0,,,60.0,3.4,0.0,,hãng không công bố,card tích hợp,11.3,,Full HD
0220042002708__l120_20250402-105034,Laptop Dell Vostro 3520 i5 1235U/16GB/512GB/120Hz/OfficeHS/Win11 (71030559),dell,235.56,358.5,4.4,16990000.0,12.0,10.0,2666.0,16490000.0,ddr4,120.0,1.3,2.0,41.0,1235u,card tích hợp,18.99,,HD
0220042002691__l51_20250402-105034,Laptop MacBook Air 13 inch M3 16GB/512GB (Z1B8001XN),apple,215.0,304.1,4.05,32990000.0,,8.0,6400.0,28690000.0,,60.0,3.4,0.0,,hãng không công bố,card tích hợp,11.3,,Full HD
0220042002693__l51_20250402-105034,Laptop MacBook Air 13 inch M3 16GB/512GB (Z1BC002JH),apple,215.0,304.1,4.05,32990000.0,,8.0,6400.0,28690000.0,,60.0,3.4,0.0,,hãng không công bố,card tích hợp,11.3,,Full HD
0220042002694__l38_20250402-105034,Laptop HP 15 fd0015TU i7 1355U/16GB/512GB/Win11 (A19C5PA),hp,236.0,359.8,5.0,21990000.0,12.0,10.0,3200.0,20190000.0,ddr4,60.0,1.7,2.0,41.0,1355u,card tích hợp,18.6,,HD
0220042002696__l11_20250402-105034,Laptop Dell Inspiron 15 3520 i5 1235U/16GB/512GB/120Hz/OfficeHS/KYHD/Win11 (25P2312),dell,235.56,358.5,4.4,16990000.0,12.0,10.0,2666.0,16490000.0,ddr4,120.0,1.3,2.0,41.0,1235u,card tích hợp,18.99,,HD
0220042002697__l142_20250402-105034,Laptop Dell Inspiron 14 5440 Core 7 150U/16GB/1TB/OfficeHS/Win11 (7FN5J),dell,226.15,314.0,5.4,26990000.0,12.0,10.0,5200.0,24990000.0,ddr5,60.0,,2.0,54.0,150u,card tích hợp,18.9,,HD
0220042002702__l31_20250402-105034,Laptop HP 245 G10 R5 7530U/8GB/512GB/Win11 (A20TDPT),hp,215.0,324.0,4.5,14590000.0,12.0,6.0,3200.0,12690000.0,ddr4,60.0,2.0,2.0,41.0,7530u,card tích hợp,17.9,,HD
0220042002703__l10_20250402-105034,Laptop HP 15 fd0303TU i3 1315U/8GB/512GB/Win11 (A2NL4PA),hp,236.0,359.8,4.5,13490000.0,8.0,6.0,3200.0,11490000.0,ddr4,60.0,,2.0,41.0,1315u,card tích hợp,18.6,,HD
0220042002707__l231_20250402-105034,Laptop Dell Inspiron 15 3530 i7 1355U/16GB/512GB/120Hz/OfficeHS/Win11 (71026454),dell,235.5,358.5,5.0,22390000.0,12.0,10.0,2666.0,21490000.0,ddr4,120.0,1.7,2.0,54.0,1355u,card tích hợp,18.9,,HD
0220042002709__l213_20250402-105034,Laptop HP Spectre X360 14 eu0050TU Ultra 7 155H/32GB/1TB/Win11 (A19BLPA),hp,220.4,313.7,4.8,,22.0,16.0,7467.0,56990000.0,lpddr5,120.0,1.4,0.0,68.0,155h,card tích hợp,16.9,,Full HD
0220042002712__l34_20250402-105034,Laptop Acer Aspire Lite 14 51M 59BN i5 1235U/16GB/512GB/Win11 (NX.KTXSV.001),acer,218.0,313.3,4.4,14990000.0,12.0,10.0,4800.0,14690000.0,ddr5,60.0,1.3,2.0,58.0,1235u,card tích hợp,16.9,,Full HD
0220042002713__l248_20250402-105034,Laptop Lenovo Gaming Legion Pro 7 16IRX9H i9 14900HX/32GB/1TB/16GB RTX4090/240Hz/Win11 (83DE001MVN),lenovo,262.1,363.5,5.8,,32.0,24.0,5600.0,,ddr5,240.0,2.2,2.0,99.9,14900hx,card rời,25.9,16.0,Full HD
0220042002732__l208_20250402-105034,Laptop HP Envy X360 14 fa0048AU R7 8840HS/16GB/512GB/Win11 (A19BQPA),hp,218.9,313.3,5.1,31690000.0,16.0,8.0,6400.0,28290000.0,lpddr5,60.0,3.3,0.0,59.0,8840hs,card tích hợp,16.9,,Full HD
0220042002719__l173_20250402-105034,Laptop Lenovo Ideapad Slim 5 14IMH9 Ultra 7 155H/32GB/512GB/Win11 (83DA001YVN),lenovo,221.0,312.0,4.8,27690000.0,22.0,16.0,7467.0,25690000.0,lpddr5,60.0,1.4,0.0,57.0,155h,card tích hợp,16.9,,Full HD
0220042002721__l90_20250402-105034,Laptop Lenovo Ideapad Slim 5 15IRU9 Core 5 120U/16GB/512GB/Win11 (83D0000EVN),lenovo,238.21,343.5,5.0,21690000.0,12.0,10.0,5200.0,17690000.0,lpddr5,60.0,1.4,0.0,57.0,120u,card tích hợp,17.42,,Full HD
0220042002723__l137_20250402-105034,Laptop Lenovo ThinkPad E14 Gen 6 Ultra 7 155U/16GB/512GB/Win11 (21M7004UVN),lenovo,219.3,313.0,4.8,28790000.0,14.0,12.0,5600.0,27790000.0,ddr5,60.0,1.7,2.0,47.0,155u,card tích hợp,17.99,,Full HD
0220042002724__l201_20250402-105034,Laptop Lenovo ThinkBook 16 G7 Ultra 5 125U/16GB/512GB/Win11 (21MS007GVN),lenovo,253.5,356.0,4.3,23690000.0,14.0,12.0,5600.0,22190000.0,ddr5,60.0,1.3,2.0,45.0,125u,card tích hợp,17.5,,Full HD
0220042002725__l116_20250402-105034,Laptop Lenovo V14 G4 i7 1355U/16GB/512GB/Win11 (83A00012VN),lenovo,215.2,324.2,5.0,19990000.0,12.0,10.0,3200.0,17990000.0,ddr4,60.0,1.7,2.0,38.0,1355u,card tích hợp,19.9,,HD
0220042002727__l184_20250402-105034,Laptop HP Envy x360 14 fc0094TU Ultra 5 125U/16GB/512GB/Win11 (A19C4PA),hp,218.9,313.3,4.3,29490000.0,14.0,12.0,6400.0,26190000.0,lpddr5,60.0,1.3,0.0,59.0,125u,card tích hợp,16.9,,Full HD
0220042002728__l217_20250402-105034,Laptop HP Envy x360 14 fc0089TU Ultra 7 155U/16GB/512GB/Win11 (A19BZPA),hp,218.9,313.3,4.8,33490000.0,14.0,12.0,6400.0,30890000.0,lpddr5,60.0,1.7,0.0,59.0,155u,card tích hợp,16.9,,Full HD
0220042002733__l52_20250402-105034,Laptop HP Pavilion X360 14 ek2024TU Core 5 120U/16GB/512GB/Win11 (9Z2V6PA),hp,210.0,322.0,5.0,24990000.0,12.0,10.0,3200.0,23990000.0,ddr4,60.0,1.4,0.0,43.0,120u,card tích hợp,18.9,,Full HD
0220042002734__l70_20250402-105034,Laptop HP Pavilion X360 14 ek2027TU Core 7 150U/16GB/512GB/Win11 (9Z2V9PA),hp,210.0,322.0,5.4,28290000.0,12.0,10.0,3200.0,27190000.0,ddr4,60.0,,0.0,43.0,150u,card tích hợp,18.9,,Full HD
0220042002735__l249_20250402-105034,Laptop HP Envy X360 14 fc0083TU Ultra 7 155U/32GB/1TB/Touch/Pen/Win11 (A19BSPA),hp,218.9,313.3,4.8,,14.0,12.0,6400.0,,lpddr5,60.0,1.7,0.0,59.0,155u,card tích hợp,16.9,,Full HD
0220042002736__l18_20250402-105034,Laptop Acer Aspire Lite 14 51M 36MH i3 1215U/8GB/256GB/Win11 (NX.KTVSV.001),acer,218.0,313.3,4.4,10490000.0,8.0,6.0,4800.0,9990000.0,ddr5,60.0,1.2,2.0,58.0,1215u,card tích hợp,16.9,,Full HD
0220042002737__l12_20250402-105034,Laptop Acer Aspire Lite 14 51M 36PN i3 1215U/8GB/512GB/Win11 (NX.KTWSV.001),acer,218.0,313.3,4.4,10990000.0,8.0,6.0,4800.0,10390000.0,ddr5,60.0,1.2,2.0,58.0,1215u,card tích hợp,16.9,,Full HD
0220042002751__l219_20250402-105034,Laptop HP Probook 450 G10 i5 1335U/16GB/512GB/Win11 (9H1N5PT),hp,233.9,359.4,4.6,22590000.0,12.0,10.0,3200.0,21490000.0,ddr4,60.0,1.3,2.0,51.0,1335u,card tích hợp,19.9,,HD
0220042002738__l167_20250402-105034,Laptop Dell Inspiron 16 5640 Core 7 150U/16GB/1TB/OfficeHS/Win11 (N5640-C7U161W11IBU),dell,249.52,356.78,5.4,27490000.0,12.0,10.0,5200.0,25990000.0,ddr5,60.0,,2.0,54.0,150u,card tích hợp,17.37,,Full HD
0220042002739__l252_20250402-105034,Laptop Dell Inspiron 16 5640 Core 7 150U/16GB/1TB/2GB MX570A/120Hz/OfficeHS/Win11 (N6I7512W1),dell,249.52,356.78,5.4,34690000.0,12.0,10.0,5200.0,32490000.0,ddr5,120.0,,2.0,54.0,150u,card rời,17.37,2.0,Full HD
0220042002741__l179_20250402-105034,Laptop Lenovo IdeaPad Slim 5 14IMH9 Ultra 5 125H/16GB/512GB/Win11 (83DA001NVN),lenovo,221.0,312.0,4.5,22690000.0,18.0,14.0,7467.0,20190000.0,lpddr5,60.0,1.2,0.0,57.0,125h,card tích hợp,16.9,,Full HD
0220042002742__l26_20250402-105034,Laptop Lenovo Gaming LOQ 15IAX9 i5 12450HX/24GB/512GB/6GB RTX3050/144Hz/Win11 (83GS00D9VN),lenovo,258.7,359.86,4.4,25490000.0,12.0,8.0,4800.0,22690000.0,ddr5,144.0,,2.0,60.0,12450hx,card rời,23.9,6.0,HD
0220042002808__l30_20250402-105034,Laptop HP 240 G9 i3 1215U/8GB/512GB/Win11 (AG2J5AT),hp,225.9,324.0,4.4,13690000.0,8.0,6.0,3200.0,11190000.0,ddr4,60.0,1.2,2.0,41.0,1215u,card tích hợp,19.9,,HD
0220042002744__l62_20250402-105034,Laptop HP 15 fd1063TU Ultra 5 125H/16GB/512GB/Win11 (9Z2Y1PA),hp,236.0,359.8,4.5,20990000.0,18.0,14.0,5600.0,18690000.0,ddr5,60.0,1.2,2.0,41.0,125h,card tích hợp,18.6,,HD
0220042002745__l1_20250402-105034,Laptop HP 15 fc0085AU R5 7430U/16GB/512GB/Win11 (A6VV8PA),hp,236.0,359.8,4.3,15190000.0,12.0,6.0,3200.0,13690000.0,ddr4,60.0,2.3,2.0,41.0,7430u,card tích hợp,18.6,,HD
0220042002746__l257_20250402-105034,Laptop MSI Gaming Cyborg 15 A13VFK i7 13620H/16GB/512GB/8GB RTX4060/144Hz/Win11 (876VN),msi,250.34,359.36,4.9,,16.0,10.0,5200.0,29990000.0,ddr5,144.0,2.4,2.0,53.5,13620h,card rời,22.9,8.0,HD
0220042002747__l277_20250402-105034,Laptop MSI Gaming Katana A15 AI B8VG R9 8945HS/16GB/1TB/8GB RTX4070/144Hz/Balo/Lót chuột/Chuột/Win11 (466VN),msi,259.0,359.0,5.2,,16.0,8.0,5600.0,,ddr5,144.0,4.0,2.0,53.5,8945hs,card rời,24.9,8.0,HD
0220042002750__l132_20250402-105034,Laptop HP 240 G9 i5 1235U/16GB/512GB/Win11 (9T2G2PT),hp,225.9,324.0,4.4,19590000.0,12.0,10.0,3200.0,15890000.0,ddr4,60.0,1.3,2.0,41.04,1235u,card tích hợp,19.9,,HD
0220042002752__l220_20250402-105034,Laptop HP Probook 450 G10 i7 1355U/16GB/512GB/Win11 (9H8H1PT),hp,233.9,359.4,5.0,26990000.0,12.0,10.0,3200.0,24990000.0,ddr4,60.0,1.7,2.0,51.0,1355u,card tích hợp,19.9,,HD
0220042002753__l145_20250402-105034,Laptop HP Elitebook 630 G10 i7 1355U/16GB/512GB/Win11 (9H1N9PT),hp,208.4,306.9,5.0,27790000.0,12.0,10.0,3200.0,27490000.0,ddr4,60.0,1.7,2.0,42.0,1355u,card tích hợp,15.9,,HD
0220042002756__l146_20250402-105034,Laptop Acer Swift Go 14 41 R251 R5 7430U/16GB/1TB/Win11 (NX.KG3SV.005),acer,211.72,321.71,4.3,19490000.0,12.0,6.0,4800.0,18190000.0,lpddr4,60.0,2.3,0.0,50.0,7430u,card tích hợp,15.9,,Full HD
0220042002757__l218_20250402-105034,Laptop Acer Aspire 5 A515 58M 79R7 i7 13620H/16GB/512GB/Win11 (NX.KQ8SV.007),acer,237.5,362.9,4.9,20990000.0,16.0,10.0,4800.0,17990000.0,lpddr5,60.0,2.4,0.0,50.0,13620h,card tích hợp,17.9,,Full HD
0220042002758__l92_20250402-105034,Laptop Acer Aspire Lite AL16 51P 596H i5 1235U/8GB/512GB/Win11 (NX.KWZSV.002),acer,247.0,357.6,4.4,13990000.0,12.0,10.0,4800.0,12490000.0,ddr5,60.0,1.3,2.0,58.0,1235u,card tích hợp,18.9,,Full HD
0220042002759__l129_20250402-105034,Laptop Dell Inspiron 15 3530 i5 1334U/16GB/512GB/120Hz/OfficeHS/Win11 (N5I5340W1),dell,235.56,358.5,4.6,19990000.0,12.0,10.0,2666.0,18490000.0,ddr4,120.0,1.3,2.0,41.0,1334u,card tích hợp,18.99,,HD
0220042002762__l125_20250402-105034,Laptop MSI Modern 14 C13M i5 1335U/16GB/512GB/Win11 (611VN),msi,223.0,319.9,4.6,18490000.0,12.0,10.0,3200.0,14190000.0,ddr4,60.0,1.3,0.0,39.3,1335u,card tích hợp,19.35,,HD
0220042002765__l264_20250402-105034,Laptop Dell XPS 13 9340 Ultra 7 155H/16GB/1TB/OfficeHS/Win11 (HXRGT),dell,199.0,295.3,4.8,59990000.0,22.0,16.0,7467.0,53490000.0,lpddr5,60.0,,0.0,55.0,155h,card tích hợp,15.3,,HD
0220042002775__l237_20250402-105034,Laptop Dell Latitude 3440 i7 1355U/16GB/512GB/Win11 (71038103),dell,240.0,359.0,5.0,26990000.0,12.0,10.0,3200.0,23990000.0,ddr4,60.0,1.7,2.0,42.0,1355u,card tích hợp,20.44,,Full HD
0220042002809__l224_20250402-105034,Laptop Dell Inspiron 15 3520 i5 1235U/16GB/512GB/120Hz/OfficeHS/KYHD/Win11 (71043883),dell,235.56,358.5,4.4,16990000.0,12.0,10.0,2666.0,16490000.0,ddr4,120.0,1.3,2.0,41.0,1235u,card tích hợp,18.99,,HD
0220042002778__l49_20250402-105034,Laptop Asus Vivobook 15 X1504ZA i5 1235U/16GB/512GB/Win11 (NJ1546W),asus,232.5,359.7,4.4,16990000.0,12.0,10.0,3200.0,14090000.0,ddr4,60.0,1.3,2.0,42.0,1235u,card tích hợp,17.9,,HD
0220042002779__l78_20250402-105034,Laptop Asus Zenbook 14 OLED UX3405MA Ultra 5 125H/16GB/512GB/Win11,asus,220.1,312.4,4.5,28990000.0,18.0,14.0,5200.0,26690000.0,lpddr5,120.0,1.2,0.0,75.0,125h,card tích hợp,14.9,,Full HD
0220042002780__l75_20250402-105034,Laptop Dell Latitude 3440 i5 1235U/16GB/512GB/Win11 (L3440-I51235U-16G512G),dell,219.43,322.17,4.4,18990000.0,12.0,10.0,3200.0,16990000.0,ddr4,60.0,1.3,2.0,41.0,1235u,card tích hợp,19.37,,Full HD
0220042002781__l86_20250402-105034,Laptop Dell Inspiron 15 3530 i5 1334U/16GB/512GB/120Hz/OfficeHS/Win11 (N3530-i5U165W11SLU),dell,235.56,358.5,4.6,19990000.0,12.0,10.0,2666.0,18490000.0,ddr4,120.0,1.3,2.0,41.0,1334u,card tích hợp,18.99,,HD
0220042002782__l206_20250402-105034,Laptop Dell Vostro 15 3520 i5 1235U/16GB/512GB/120Hz/OfficeHS/Win11 (V3520-i5U165W11GRU),dell,235.56,358.5,4.4,16990000.0,12.0,10.0,2666.0,16490000.0,ddr4,120.0,1.3,2.0,41.0,1235u,card tích hợp,18.99,,HD
0220042002785__l211_20250402-105034,Laptop Lenovo ThinkBook 14 Ultra 7 155U/16GB/512GB/Win11 (21MR0072VN),lenovo,224.0,313.5,4.8,27390000.0,14.0,12.0,5600.0,25690000.0,ddr5,60.0,1.7,2.0,45.0,155u,card tích hợp,16.9,,Full HD
0220042002786__l131_20250402-105034,Laptop Lenovo ThinkPad E16 Ultra 7 155H/32GB/1TB/Win11 (21MA004PVN),lenovo,247.7,356.1,4.8,34390000.0,22.0,16.0,5600.0,33390000.0,ddr5,60.0,1.4,2.0,47.0,155h,card tích hợp,19.85,,Full HD
0220042002787__l250_20250402-105034,Laptop Lenovo Thinkpad X13 Ultra 5 125U/16GB/512GB/Win11 Pro (21LU004NVN),lenovo,214.8,301.7,4.3,34990000.0,14.0,12.0,6400.0,33990000.0,lpddr5,60.0,1.3,0.0,54.7,125u,card tích hợp,15.95,,Full HD
0220042002788__l122_20250402-105034,Laptop Lenovo IdeaPad Slim 5 14IMH9 Ultra 7 155H/32GB/1TB/Win11 (83DA0020VN),lenovo,221.0,312.0,4.8,28690000.0,22.0,16.0,7467.0,26190000.0,lpddr5,60.0,1.4,0.0,57.0,155h,card tích hợp,16.9,,Full HD
0220042002789__l176_20250402-105034,Laptop Lenovo Yoga Pro 7 14IMH9 Ultra 7 155H/32GB/1TB/6GB RTX4050/120Hz/OfficeHS/Win11 (83E2005DVN),lenovo,226.49,325.5,4.8,,22.0,16.0,7467.0,,lpddr5,120.0,1.4,0.0,73.0,155h,card rời,16.6,6.0,Full HD
0220042002795__l73_20250402-105034,Laptop Asus Vivobook S 14 OLED S5406MA Ultra 5 125H/16GB/1TB/120Hz/Win11 (PP136W),asus,221.9,310.5,4.5,26990000.0,18.0,14.0,7467.0,24690000.0,lpddr5,120.0,1.2,0.0,75.0,125h,card tích hợp,15.9,,Full HD
0220042002796__l119_20250402-105034,Laptop HP 240 G9 i3 1215U/8GB/512GB/Win11 (6L1X8PA),hp,225.9,324.0,4.4,13690000.0,8.0,6.0,3200.0,11190000.0,ddr4,60.0,1.2,2.0,41.04,1215u,card tích hợp,19.9,,HD
0220042002797__l107_20250402-105034,Laptop Dell Vostro 3530 i5 1335U/16GB/512GB/120Hz/OfficeHS/Win11 (80GG93),dell,235.56,358.5,4.6,19990000.0,12.0,10.0,2666.0,18490000.0,ddr4,120.0,1.3,2.0,41.0,1335u,card tích hợp,18.99,,HD
0220042002798__l181_20250402-105034,Laptop Dell Inspiron 15 3530 i7 1355U/16GB/512GB/120Hz/Office365/KYHD/Win11 (N5I7301W1),dell,234.9,358.5,5.0,22390000.0,12.0,10.0,2666.0,21490000.0,ddr4,120.0,1.7,2.0,54.0,1355u,card tích hợp,17.5,,HD
0220042002800__l294_20250402-105034,Laptop Samsung Galaxy Chromebook Go XE340XDA N4500/4GB/32GB/ChromeOS,samsung,225.6,327.1,2.8,11990000.0,2.0,2.0,2933.0,8990000.0,lpddr4,60.0,1.1,0.0,42.3,n4500,card tích hợp,15.9,,HD
0220042002801__l295_20250402-105034,Laptop Samsung Galaxy Chromebook Go XE310XDA N4500/4GB/32GB/ChromeOS,samsung,202.3,287.9,2.8,9990000.0,2.0,2.0,2933.0,7990000.0,lpddr4,60.0,1.1,0.0,40.2,n4500,card tích hợp,15.9,,HD
0220042002803__l127_20250402-105034,Laptop Lenovo Gaming LOQ 15IAX9 i5 12450HX/24GB/512GB/4GB RTX2050/144Hz/Win11 (83GS00DBVN),lenovo,258.7,359.86,4.4,23490000.0,12.0,8.0,4800.0,20190000.0,ddr5,144.0,,2.0,60.0,12450hx,card rời,23.9,4.0,HD
0220042002806__l16_20250402-105034,Laptop HP 240 G9 i5 1235U/16GB/512GB/Win11 (AG2J7AT),hp,225.9,324.0,4.4,19590000.0,12.0,10.0,3200.0,15890000.0,ddr4,60.0,1.3,2.0,41.0,1235u,card tích hợp,19.9,,HD
0220042002807__l163_20250402-105034,Laptop HP Envy X360 14 fa0050AU R5 8640HS/16GB/512GB/Win11 (A29H8PA),hp,218.9,313.3,4.9,28990000.0,12.0,6.0,6400.0,26590000.0,lpddr5,60.0,3.5,0.0,59.0,8640hs,card tích hợp,16.9,,Full HD
0220042002810__l113_20250402-105034,Laptop Dell Inspiron 15 3530 i5 1334U/16GB/512GB/120Hz/OfficeHS/KYHD/Win11 (71043885),dell,235.56,358.5,4.6,19990000.0,12.0,10.0,2666.0,18490000.0,ddr4,120.0,1.3,2.0,41.0,1334u,card tích hợp,18.99,,HD
0220042002811__l141_20250402-105034,Laptop Dell Inspiron 15 3530 i7 1355U/16GB/512GB/120Hz/OfficeHS/Win11 (71043888),dell,235.56,358.5,5.0,22390000.0,12.0,10.0,2666.0,21490000.0,ddr4,120.0,1.7,2.0,54.0,1355u,card tích hợp,18.99,,HD
0220042002812__l186_20250402-105034,Laptop Dell Inspiron 16 5640 Core 7 150U/16GB/1TB/2GB MX570A/OfficeHS/Win11 (KHPF5),dell,249.5,356.7,5.4,,12.0,10.0,5200.0,29490000.0,ddr5,60.0,,2.0,54.0,150u,card rời,19.0,2.0,Full HD
0220042002814__l77_20250402-105034,Laptop Asus Vivobook 15 OLED A1505VA i5 13500H/16GB/512GB/120Hz/Win11 (MA467W),asus,227.6,356.8,4.7,20990000.0,16.0,12.0,3200.0,18190000.0,ddr4,120.0,2.6,2.0,50.0,13500h,card tích hợp,19.9,,HD
0220042002815__l100_20250402-105034,Laptop Asus Vivobook 15 OLED A1505VA i9 13900H/16GB/512GB/120Hz/OfficeHS/Win11 (MA586WS),asus,227.6,356.8,5.4,25990000.0,20.0,14.0,3200.0,22590000.0,ddr4,120.0,2.6,2.0,50.0,13900h,card tích hợp,19.9,,HD
0220042002821__l221_20250402-105034,Laptop Lenovo Gaming LOQ 15ARP9 R7 7435HS/24GB/512GB/8GB RTX4060/144Hz/Win11 (83JC003YVN),lenovo,258.7,359.86,4.5,,16.0,8.0,4800.0,,ddr5,144.0,3.1,2.0,60.0,7435hs,card rời,23.9,8.0,HD
0220042002817__l202_20250402-105034,Laptop Acer Aspire 3 A315 58 529V i5 1135G7/8GB/256GB/Win11 (NX.ADDSV.00N),acer,238.4,363.4,4.2,,8.0,4.0,2400.0,10990000.0,ddr4,60.0,2.4,1.0,36.7,1135g7,card tích hợp,19.9,,HD
0220042002819__l189_20250402-105034,Laptop Lenovo V15 G5 IRL Core 5 120U/16GB/512GB/Win11 (83HF0000VN),lenovo,235.8,359.2,5.0,19890000.0,12.0,10.0,5200.0,17890000.0,ddr5,60.0,1.4,2.0,47.0,120u,card tích hợp,18.3,,HD
0220042002820__l311_20250402-105034,Laptop Lenovo Thinkpad X13 Ultra 7 155H/32GB/1TB/Win11 Pro (21LU004LVN),lenovo,214.8,301.7,4.8,45590000.0,22.0,16.0,6400.0,44590000.0,lpddr5,60.0,1.4,0.0,54.7,155h,card tích hợp,15.95,,Full HD
0220042002968__l50_20250402-105034,Laptop Dell Inspiron 15 3520 i7 1255U/16GB/512GB/120Hz/OfficeHS/Win11 (71053682),dell,235.56,358.5,4.7,20590000.0,12.0,10.0,2666.0,19990000.0,ddr4,120.0,1.7,2.0,54.0,1255u,card tích hợp,18.99,,HD
0220042002822__l253_20250402-105034,Laptop Asus Vivobook S 16 OLED M5606WA R9 AI HX 370/32GB/1TB/120Hz/OfficeHS/Win11 (MX072WS),asus,246.9,353.6,5.1,,24.0,12.0,7500.0,,lpddr5,120.0,2.0,0.0,75.0,hx 370,card tích hợp,13.9,,Full HD
0220042002828__l177_20250402-105034,Laptop Lenovo V14 Core 5 120U/16GB/512GB/Win11 (83HD0001VN),lenovo,215.2,324.2,5.0,19490000.0,12.0,10.0,5200.0,17690000.0,ddr5,60.0,1.4,2.0,47.0,120u,card tích hợp,17.9,,HD
0220042002829__l254_20250402-105034,Laptop Dell Inspiron 7440 Core 5 120U/16GB/1TB/OfficeHS/Win11 (N4I5006W1),dell,226.15,314.0,5.0,30990000.0,12.0,10.0,5200.0,28490000.0,ddr5,60.0,1.4,2.0,54.0,120u,card tích hợp,18.9,,Full HD
0220042002830__l245_20250402-105034,Laptop Dell Inspiron 7440 Core 7 150U/16GB/1TB/OfficeHS/Win11 (N7440-C7U161W11IBU),dell,226.15,314.0,5.4,33490000.0,12.0,10.0,5200.0,30990000.0,ddr5,60.0,,2.0,64.0,150u,card tích hợp,18.9,,Full HD
0220042002831__l32_20250402-105034,Laptop Dell Inspiron 15 3520 i5 1235U/16GB/512GB/120Hz/OfficeHS/Win11 (N3520-i5U165W11BLU-FP),dell,235.56,358.5,4.4,16990000.0,12.0,10.0,2666.0,16490000.0,ddr4,120.0,1.3,2.0,41.0,1235u,card tích hợp,18.99,,HD
0220042002833__l6_20250402-105034,Laptop Asus Vivobook 15 X1504ZA i5 1235U/16GB/512GB/Win11 (NJ1608W),asus,232.5,359.7,4.4,16990000.0,12.0,10.0,3200.0,14090000.0,ddr4,60.0,1.3,2.0,42.0,1235u,card tích hợp,17.9,,HD
0220042002837__l99_20250402-105034,Laptop Acer Swift Lite 14 AI SFL14 51M 56HS Ultra 5 125U/16GB/512GB/Win11 (NX.J1HSV.002),acer,221.9,314.4,4.3,19990000.0,14.0,12.0,4800.0,18390000.0,ddr5,60.0,1.3,2.0,58.0,125u,card tích hợp,17.5,,Full HD
0220042002843__l151_20250402-105034,Laptop Acer Swift Go SFG14 71 74CP i7 13700H/16GB/512GB/OfficeHS/Win11 (NX.KPZSV.004),acer,217.9,312.9,5.0,,20.0,14.0,4800.0,,lpddr5,90.0,2.4,0.0,65.0,13700h,card tích hợp,14.9,,Full HD
0220042002844__l57_20250402-105034,Laptop Dell Inspiron 15 3520 i5 1235U/8GB/512GB/120Hz/OfficeHS/Win11 (N3520-i5U085W11SLU),dell,235.56,358.5,4.4,15690000.0,12.0,10.0,2666.0,14490000.0,ddr4,120.0,1.3,2.0,41.0,1235u,card tích hợp,18.99,,HD
0220042002846__l193_20250402-105034,Laptop Dell Inspiron 15 3530 i5 1334U/16GB/512GB/120Hz/OfficeHS/Win11 (P16WD2),dell,235.6,358.5,4.6,19190000.0,12.0,10.0,2666.0,18490000.0,ddr4,120.0,1.3,2.0,41.0,1334u,card tích hợp,19.0,,HD
0220042002848__l256_20250402-105034,Laptop Asus Zenbook S 14 UX5406SA Ultra 7 258V/32GB/1TB/120Hz/OfficeHS/Win11 (PV140WS),asus,214.7,310.3,4.8,44990000.0,8.0,8.0,8533.0,40990000.0,lpddr5,120.0,2.2,0.0,72.0,258v,card tích hợp,12.9,,Full HD
0220042002850__l45_20250402-105034,Laptop MSI Modern 15 F13MG i5 1335U/16GB/512GB/Win11 (082VN),msi,235.9,358.9,4.6,17190000.0,12.0,10.0,3200.0,14190000.0,ddr4,60.0,1.3,2.0,45.0,1335u,card tích hợp,19.9,,HD
0220042002851__l319_20250402-105034,Laptop Dell Inspiron 15 3530 i7 1355U/16GB/512GB/120Hz/OfficeHS/Win11 (N5I7240W1),dell,235.56,358.5,5.0,22390000.0,12.0,10.0,2666.0,21490000.0,ddr4,120.0,1.7,2.0,54.0,1355u,card tích hợp,18.99,,HD
0220042002852__l118_20250402-105034,Laptop Dell Inspiron 15 3530 i7 1355U/16GB/1TB/120Hz/OfficeHS/Win11 (N3530-i7U161W11BLU-FP),dell,235.56,358.5,5.0,23490000.0,12.0,10.0,2666.0,22490000.0,ddr4,120.0,1.7,2.0,54.0,1355u,card tích hợp,18.99,,HD
0220042002853__l82_20250402-105034,Laptop HP Envy x360 14 fc0162TU Ultra 5 125U/16GB/512GB/OfficeHS/Win11 (AY8X1PA),hp,218.9,313.3,4.3,29890000.0,14.0,12.0,6400.0,27890000.0,lpddr5,120.0,1.3,0.0,59.0,125u,card tích hợp,16.9,,Full HD
0220042002854__l222_20250402-105034,Laptop HP Probook 460 G11 Ultra 5 125U/16GB/512GB/Win11 (A74BTPT),hp,251.1,359.4,4.3,23690000.0,14.0,12.0,5600.0,22990000.0,ddr5,60.0,1.3,2.0,56.0,125u,card tích hợp,17.0,,Full HD
0220042002855__l287_20250402-105034,Laptop HP Probook 460 G11 Ultra 7 155U/16GB/512GB/Win11 (A74C0PT),hp,251.1,359.4,4.8,27690000.0,14.0,12.0,5600.0,26990000.0,ddr5,60.0,1.7,2.0,56.0,155u,card tích hợp,17.0,,Full HD
0220042002856__l106_20250402-105034,Laptop HP Elitebook 630 G11 Ultra 7 155U/16GB/512GB/Win11 (A7LC5PT),hp,215.1,303.1,4.8,28390000.0,14.0,12.0,5600.0,26990000.0,ddr5,60.0,1.7,2.0,56.0,155u,card tích hợp,17.0,,Full HD
0220042002966__l97_20250402-105034,Laptop Dell Inspiron 15 3520 i7 1255U/16GB/512GB/120Hz/OfficeHS/Win11 (N3520-i7U165W11BLU-FP),dell,235.56,358.5,4.7,20990000.0,12.0,10.0,2666.0,19990000.0,ddr4,120.0,1.7,2.0,54.0,1255u,card tích hợp,18.99,,HD
0220042002858__l320_20250402-105034,Laptop HP Elitebook X360 830 G11 Ultra 5 135U/16GB/512GB/Win11 Pro (A7RB9PT),hp,216.1,300.0,4.4,43990000.0,14.0,12.0,7467.0,40790000.0,lpddr5,60.0,1.6,0.0,56.0,135u,card tích hợp,16.2,,Full HD
0220042002859__l312_20250402-105034,Laptop HP Elitebook X360 830 G11 Ultra 7 165U/16GB/512GB/Win11 Pro (A7RC0PT),hp,216.1,300.0,4.9,48990000.0,14.0,12.0,7467.0,45290000.0,lpddr5,60.0,1.7,0.0,56.0,165u,card tích hợp,16.2,,Full HD
0220042002860__l313_20250402-105034,Laptop HP Envy X360 14 fa0097AU R5 8640HS/16GB/512GB/OfficeHS/Win11 (AY8U7PA),hp,218.9,313.3,4.9,29590000.0,12.0,6.0,6400.0,26690000.0,lpddr5,120.0,1.3,0.0,59.0,8640hs,card tích hợp,16.9,,Full HD
0220042002861__l296_20250402-105034,Laptop HP Envy X360 14 fc0153TU Ultra 7 155U/32GB/512GB/OfficeHS/Win11 (AY8V4PA),hp,218.9,313.4,4.8,35990000.0,14.0,12.0,6400.0,33190000.0,lpddr5,120.0,1.7,0.0,59.0,155u,card tích hợp,16.9,,Full HD
0220042002862__l278_20250402-105034,Laptop MacBook Pro 14 inch M4 16GB/512GB,apple,221.2,312.6,4.4,39990000.0,,10.0,7500.0,39590000.0,,120.0,3.5,0.0,72.4,hãng không công bố,card tích hợp,15.5,,Full HD
0220042002863__l278_20250402-105034,Laptop MacBook Pro 14 inch M4 16GB/512GB,apple,221.2,312.6,4.4,39990000.0,,10.0,7500.0,39590000.0,,120.0,3.5,0.0,72.4,hãng không công bố,card tích hợp,15.5,,Full HD
0220042002868__l279_20250402-105034,Laptop MacBook Pro 14 inch M4 Pro 24GB/512GB,apple,221.2,312.6,4.5,49990000.0,,12.0,7500.0,48690000.0,,120.0,3.8,0.0,72.4,hãng không công bố,card tích hợp,15.5,,Full HD
0220042002869__l279_20250402-105034,Laptop MacBook Pro 14 inch M4 Pro 24GB/512GB,apple,221.2,312.6,4.5,49990000.0,,12.0,7500.0,49390000.0,,120.0,3.8,0.0,72.4,hãng không công bố,card tích hợp,15.5,,Full HD
0220042002873__l283_20250402-105034,Laptop MacBook Pro 16 inch M4 Pro 24GB/512GB,apple,248.1,355.7,4.5,64990000.0,,14.0,7500.0,64490000.0,,120.0,3.8,0.0,100.0,hãng không công bố,card tích hợp,16.8,,Full HD
0220042002874__l291_20250402-105034,Laptop MacBook Pro 16 inch M4 Pro 48GB/512GB,apple,248.1,355.7,4.5,74990000.0,,14.0,7500.0,74490000.0,,120.0,3.8,0.0,100.0,hãng không công bố,card tích hợp,16.8,,Full HD
0220042002875__l291_20250402-105034,Laptop MacBook Pro 16 inch M4 Pro 48GB/512GB,apple,248.1,355.7,4.5,74990000.0,,14.0,7500.0,74490000.0,,120.0,3.8,0.0,100.0,hãng không công bố,card tích hợp,16.8,,Full HD
0220042002876__l297_20250402-105034,Laptop MacBook Pro 16 inch M4 Max 36GB/1TB,apple,248.1,355.7,4.5,89990000.0,,14.0,7500.0,87990000.0,,120.0,4.0,0.0,100.0,hãng không công bố,card tích hợp,16.8,,Full HD
0220042002877__l297_20250402-105034,Laptop MacBook Pro 16 inch M4 Max 36GB/1TB,apple,248.1,355.7,4.5,89990000.0,,14.0,7500.0,87990000.0,,120.0,4.0,0.0,100.0,hãng không công bố,card tích hợp,16.8,,Full HD
0220042002878__l14_20250402-105034,Laptop MacBook Air 13 inch M2 16GB/256GB,apple,215.0,304.1,3.5,24990000.0,,8.0,6400.0,21490000.0,,60.0,3.2,0.0,,apple m2,card tích hợp,11.3,,Full HD
0220042002880__l14_20250402-105034,Laptop MacBook Air 13 inch M2 16GB/256GB,apple,215.0,304.1,3.5,24990000.0,,8.0,6400.0,21490000.0,,60.0,3.2,0.0,,apple m2,card tích hợp,11.3,,Full HD
0220042002881__l14_20250402-105034,Laptop MacBook Air 13 inch M2 16GB/256GB,apple,215.0,304.1,3.5,24990000.0,,8.0,6400.0,21090000.0,,60.0,3.2,0.0,,apple m2,card tích hợp,11.3,,Full HD
0220042002882__l261_20250402-105034,Laptop MacBook Air 13 inch M3 16GB/ 256GB,apple,215.0,304.1,4.05,27990000.0,,8.0,6400.0,24190000.0,,60.0,3.4,0.0,,hãng không công bố,card tích hợp,11.3,,Full HD
0220042002883__l261_20250402-105034,Laptop MacBook Air 13 inch M3 16GB/ 256GB,apple,215.0,304.1,4.05,27990000.0,,8.0,6400.0,24190000.0,,60.0,3.4,0.0,,hãng không công bố,card tích hợp,11.3,,Full HD
0220042002884__l261_20250402-105034,Laptop MacBook Air 13 inch M3 16GB/ 256GB,apple,215.0,304.1,4.05,27990000.0,,8.0,6400.0,24190000.0,,60.0,3.4,0.0,,hãng không công bố,card tích hợp,11.3,,Full HD
0220042002967__l65_20250402-105034,Laptop Dell Inspiron 15 3520 i7 1255U/16GB/512GB/120Hz/OfficeHS/KYHD/Win11 (25P2315),dell,235.56,358.5,4.7,21090000.0,12.0,10.0,2666.0,19990000.0,ddr4,120.0,1.7,2.0,54.0,1255u,card tích hợp,18.99,,HD
0220042002885__l261_20250402-105034,Laptop MacBook Air 13 inch M3 16GB/ 256GB,apple,215.0,304.1,4.05,27990000.0,,8.0,6400.0,24190000.0,,60.0,3.4,0.0,,hãng không công bố,card tích hợp,11.3,,Full HD
0220042002891__l285_20250402-105034,Laptop MacBook Air 15 inch M3 16GB/256GB/10GPU,apple,237.6,340.4,4.05,,,8.0,6400.0,,,60.0,3.4,0.0,,hãng không công bố,card tích hợp,11.5,,Full HD
0220042002892__l285_20250402-105034,Laptop MacBook Air 15 inch M3 16GB/256GB/10GPU,apple,237.6,340.4,4.05,,,8.0,6400.0,,,60.0,3.4,0.0,,hãng không công bố,card tích hợp,11.5,,Full HD
0220042002893__l285_20250402-105034,Laptop MacBook Air 15 inch M3 16GB/256GB/10GPU,apple,237.6,340.4,4.05,,,8.0,6400.0,,,60.0,3.4,0.0,,hãng không công bố,card tích hợp,11.5,,Full HD
0220042002898__l280_20250402-105034,Laptop MacBook Pro 14 inch M4 Pro 24GB/1TB,apple,221.2,312.6,4.5,,,12.0,7500.0,54990000.0,,120.0,3.8,0.0,72.4,hãng không công bố,card tích hợp,15.5,,Full HD
0220042002899__l280_20250402-105034,Laptop MacBook Pro 14 inch M4 Pro 24GB/1TB,apple,221.2,312.6,4.5,,,12.0,7500.0,54990000.0,,120.0,3.8,0.0,72.4,hãng không công bố,card tích hợp,15.5,,Full HD
0220042002903__l281_20250402-105034,Laptop MacBook Pro 14 inch M4 Pro 48GB/1TB,apple,221.2,312.6,4.5,,,12.0,7500.0,64990000.0,,120.0,3.8,0.0,72.4,hãng không công bố,card tích hợp,15.5,,Full HD
0220042002904__l290_20250402-105034,Laptop MacBook Pro 16 inch M4 Pro 24GB/1TB,apple,248.1,355.7,4.5,69990000.0,,14.0,7500.0,69490000.0,,120.0,3.8,0.0,100.0,hãng không công bố,card tích hợp,16.8,,Full HD
0220042002911__l284_20250402-105034,Laptop MacBook Pro 14 inch Nano M4 16GB/512GB,apple,221.2,312.6,4.4,43790000.0,,10.0,7500.0,42590000.0,,120.0,3.5,0.0,72.4,hãng không công bố,card tích hợp,15.5,,Full HD
0220042002912__l282_20250402-105034,Laptop MacBook Pro 14 inch Nano M4 Pro 24GB/512GB,apple,221.2,312.6,4.5,53790000.0,,12.0,7500.0,52390000.0,,120.0,3.8,0.0,72.4,hãng không công bố,card tích hợp,15.5,,Full HD
0220042002914__l300_20250402-105034,Laptop MacBook Pro 14 inch Nano M4 Max 36GB/1TB,apple,221.2,312.6,4.5,83790000.0,,14.0,7500.0,82090000.0,,120.0,4.0,0.0,72.4,hãng không công bố,card tích hợp,15.5,,Full HD
0220042002915__l300_20250402-105034,Laptop MacBook Pro 14 inch Nano M4 Max 36GB/1TB,apple,221.2,312.6,4.5,83790000.0,,14.0,7500.0,82090000.0,,120.0,4.0,0.0,72.4,hãng không công bố,card tích hợp,15.5,,Full HD
0220042002916__l301_20250402-105034,Laptop Apple MacBook Pro 16 inch Nano M4 Pro 24GB/512GB,apple,248.1,355.7,4.5,68790000.0,,14.0,7500.0,68490000.0,,120.0,3.8,0.0,100.0,hãng không công bố,card tích hợp,16.8,,Full HD
0220042002925__l286_20250402-105034,Laptop MacBook Air 13 inch M2 24GB/512GB,apple,215.0,304.1,3.5,34990000.0,,8.0,6400.0,30790000.0,,60.0,3.2,0.0,,hãng không công bố,card tích hợp,11.3,,Full HD
0220042002926__l286_20250402-105034,Laptop MacBook Air 13 inch M2 24GB/512GB,apple,215.0,304.1,3.5,34990000.0,,8.0,6400.0,30790000.0,,60.0,3.2,0.0,,hãng không công bố,card tích hợp,11.3,,Full HD
0220042002928__l267_20250402-105034,Laptop Asus Vivobook S 15 S5507QA X1E 78 100/32GB/1TB/OfficeHS/Win11 (MA090WS),asus,226.9,352.6,3.4,34990000.0,12.0,12.0,8448.0,28990000.0,lpddr5,120.0,,0.0,70.0,x1e 78 100,card tích hợp,15.9,,HD
0220042002932__l276_20250402-105034,Laptop MSI Stealth A16 AI+ A3XVGG R9 AI HX 370/32GB/2TB/8GB RTX4070/120Hz/Balo/Chuột/Win11 (208VN),msi,259.7,355.8,5.1,,24.0,12.0,7500.0,,lpddr5,120.0,2.0,0.0,99.9,hx 370,card rời,19.95,8.0,Full HD
0220042002933__l273_20250402-105034,Laptop MSI Prestige 16 AI+ B2VMG Ultra 9 288V/32GB/1TB/Win11 (016VN),msi,254.4,358.4,5.1,,8.0,8.0,8533.0,45990000.0,lpddr5,60.0,3.3,0.0,99.9,288v,card tích hợp,18.95,,Full HD
0220042002934__l271_20250402-105034,Laptop MSI Prestige 13 AI+ A2VMG Ultra 7 258V/32GB/1TB/Win11 (040VN),msi,210.0,299.0,4.8,,8.0,8.0,8533.0,38990000.0,lpddr5,60.0,2.2,0.0,75.0,258v,card tích hợp,16.9,,Full HD
0220042002935__l325_20250402-105034,Laptop Lenovo Yoga 7 2in1 14IML9 Ultra 5 125H/16GB/512GB/Touch/Office/Win11 (83DJ00DMVN),lenovo,222.13,317.72,4.5,,18.0,14.0,7467.0,,lpddr5,60.0,1.2,0.0,71.0,125h,card tích hợp,16.64,,Full HD
0220042002936__l323_20250402-105034,Laptop Lenovo IdeaPad Flex 5 14ABR8 R7 7730U/16GB/512GB/Touch/Win11 (82XX00DLVN),lenovo,224.9,313.1,4.5,,16.0,8.0,4266.0,,lpddr4,60.0,2.0,0.0,52.5,7730u,card tích hợp,17.8,,Full HD
0220042002937__l322_20250402-105034,Laptop Lenovo IdeaPad 5 2in1 14Q8X9 X1P 42 100/16GB/512GB/Win11 (83GH001FVN),lenovo,227.0,313.0,3.4,25990000.0,,8.0,8448.0,23990000.0,lpddr5,60.0,,0.0,57.0,x1p 42 100,card tích hợp,17.5,,Full HD
0220042002938__l166_20250402-105034,Laptop Lenovo ThinkBook 16 G6 i5 13420H/16GB/512GB/Win11 (21KH00Q0VN),lenovo,253.5,356.0,4.6,20590000.0,12.0,8.0,5200.0,19090000.0,ddr5,60.0,2.1,2.0,71.0,13420h,card tích hợp,17.5,,Full HD
0220042002939__l226_20250402-105034,Laptop Lenovo ThinkPad E14 Ultra 7 155H/32GB/1TB/Win11 (21M70051VN),lenovo,219.3,313.0,4.8,,22.0,16.0,5600.0,,ddr5,60.0,1.4,2.0,47.0,155h,card tích hợp,17.99,,Full HD
0220042002942__l324_20250402-105034,Laptop Lenovo ThinkPad X1 Carbon Ultra 7 165U/64GB/1TB/120Hz/Win11 Pro (21KC00AGVN),lenovo,214.75,312.8,4.9,,14.0,12.0,6400.0,,lpddr5,120.0,1.7,0.0,57.0,165u,card tích hợp,14.96,,Full HD
0220042002945__l230_20250402-105034,Laptop Lenovo IdeaPad Slim 5 14Q8X9 X1P 42 100/16GB/512GB/Win11 (83HL000KVN),lenovo,221.0,312.0,3.4,24990000.0,,8.0,8448.0,23190000.0,lpddr5,60.0,,0.0,57.0,x1p 42 100,card tích hợp,16.9,,Full HD
0220042002946__l138_20250402-105034,Laptop Lenovo Gaming LOQ 15IRX9 i7 13650HX/24GB/512GB/6GB RTX4050/144Hz/Win11 (83DV00UGVN),lenovo,258.7,359.86,4.9,,20.0,14.0,4800.0,,ddr5,144.0,2.6,2.0,60.0,13650hx,card rời,23.9,6.0,HD
0220042002947__l17_20250402-105034,Laptop Lenovo Gaming LOQ Essential 15IAX9E i5 12450HX/16GB/512GB/4GB RTX2050/144Hz/Win11 (83LK000BVN),lenovo,236.0,359.3,4.4,19990000.0,12.0,8.0,4800.0,17690000.0,ddr5,144.0,,1.0,57.0,12450hx,card rời,22.95,4.0,HD
0220042002948__l114_20250402-105034,Laptop Lenovo ThinkBook 14 G6 i7 1355U/16GB/512GB/Win11 (21KG00BQVN),lenovo,224.0,313.5,5.0,22990000.0,12.0,10.0,5200.0,21590000.0,ddr5,60.0,1.7,2.0,45.0,1355u,card tích hợp,16.9,,Full HD
0220042002949__l128_20250402-105034,Laptop Lenovo ThinkBook 16 G7 Ultra 7 155U/32GB/1TB/Win11 (21MS007HVN),lenovo,253.5,356.0,4.8,30390000.0,14.0,12.0,5600.0,28590000.0,ddr5,60.0,1.7,2.0,45.0,155u,card tích hợp,17.5,,Full HD
0220042002950__l149_20250402-105034,Laptop Lenovo ThinkBook 14 G7 Ultra 7 155U/32GB/1TB/Win11 (21MR0070VN),lenovo,224.0,313.5,4.8,30090000.0,14.0,12.0,5600.0,28290000.0,ddr5,60.0,1.7,2.0,45.0,155u,card tích hợp,16.9,,Full HD
0220042002951__l227_20250402-105034,Laptop Acer Swift AI SF14 51 53P9 Ultra 5 226V/16GB/1TB/Win11 (NX.J2KSV.002),acer,221.2,312.4,4.5,34990000.0,8.0,8.0,8533.0,34190000.0,lpddr5,90.0,2.1,0.0,65.0,226v,card tích hợp,15.95,,Full HD
0220042002952__l239_20250402-105034,Laptop Acer Swift AI SF14 51 75VP Ultra 7 258V/32GB/1TB/Win11 (NX.J2KSV.001),acer,221.2,312.4,4.8,,8.0,8.0,8533.0,39990000.0,lpddr5,90.0,2.2,0.0,65.0,258v,card tích hợp,15.95,,Full HD
0220042002955__l140_20250402-105034,Laptop Dell Inspiron 14 5440 i5 1334U/16GB/512GB/OfficeHS/Win11 (NDY5V1),dell,226.6,314.0,4.6,20990000.0,12.0,10.0,4400.0,20490000.0,ddr5,60.0,1.3,2.0,41.0,1334u,card tích hợp,19.9,,HD
0220042002962__l223_20250402-105034,Laptop Asus Vivobook S 14 S5406SA Ultra 5 226V/16GB/512GB/120Hz/OfficeHS/Win11 (PP060WS),asus,221.9,310.5,4.5,28990000.0,8.0,8.0,7467.0,25790000.0,lpddr5,120.0,2.1,0.0,75.0,226v,card tích hợp,15.9,,Full HD
0220042002963__l262_20250402-105034,Laptop Asus Vivobook S 14 S5406SA Ultra 7 258V/32GB/1TB/120Hz/OfficeHS/Win11 (PP059WS),asus,221.9,310.5,4.8,35990000.0,8.0,8.0,7467.0,31990000.0,lpddr5,120.0,2.2,0.0,75.0,258v,card tích hợp,15.9,,Full HD
0220042002969__l21_20250402-105034,Laptop Dell Inspiron 15 3520 i7 1255U/16GB/512GB/120Hz/OfficeHS/KYHD/Win11 (N5I7125W1),dell,235.56,358.5,4.7,20690000.0,12.0,10.0,2666.0,19490000.0,ddr4,120.0,1.7,2.0,54.0,1255u,card tích hợp,18.99,,HD
0220042002970__l275_20250402-105034,Laptop Dell XPS 13 9340 Ultra 7 155H/16GB/1TB/OfficeHS/Win11 (HXRGT2),dell,199.0,295.3,4.8,59990000.0,22.0,16.0,7467.0,54490000.0,lpddr5,120.0,3.8,0.0,55.0,155h,card tích hợp,15.3,,HD
0220042002971__l330_20250402-105034,Laptop Lenovo Yoga Slim 7 15ILL9 Ultra 7 258V/32GB/1TB/120Hz/OfficeHS/Win11 (83HM000GVN),lenovo,235.4,343.8,4.8,42990000.0,8.0,8.0,8533.0,41990000.0,lpddr5,120.0,2.2,0.0,70.0,258v,card tích hợp,13.9,,Full HD
0220042002973__l327_20250402-105034,Laptop Lenovo Gaming Legion 7 16IRX9 i9 14900H/32GB/1TB/8GB RTX4070/165Hz/Win11,lenovo,262.5,357.7,5.8,,32.0,24.0,5600.0,,ddr5,165.0,2.2,2.0,99.9,14900hx,card rời,19.8,8.0,Full HD
0220042002976__l328_20250402-105034,Laptop Lenovo Yoga Pro 7 14ASP9 R9 AI 365/32GB/1TB/120Hz/OfficeHS/Win11 (83HN0022VN),lenovo,226.49,325.5,5.0,41990000.0,20.0,10.0,7500.0,39990000.0,lpddr5,120.0,2.0,0.0,73.0,365,card tích hợp,16.6,,Full HD
0220042002978__l104_20250402-105034,Laptop Lenovo ThinkPad E14 Gen 6 Ultra 5 125U/32GB/1TB/Win11 (21M7004LVN),lenovo,219.3,313.0,4.3,,14.0,12.0,5600.0,,ddr5,60.0,1.3,2.0,47.0,125u,card tích hợp,17.99,,Full HD
0220042002979__l79_20250402-105034,Laptop Acer Aspire Lite 16 G2 AL16 52P 76DU i7 1355U/16GB/512GB/Win11 (NX.J2SSV.005),acer,247.0,357.6,5.0,17990000.0,12.0,10.0,4800.0,16990000.0,ddr5,60.0,1.7,2.0,58.0,1355u,card tích hợp,18.9,,Full HD
0220042002980__l68_20250402-105034,Laptop Acer Aspire Lite 16 G2 AL16 52P 572A i5 1334U/16GB/512GB/Win11 (NX.J2SSV.004),acer,247.0,357.6,4.6,14790000.0,12.0,10.0,4800.0,14090000.0,ddr5,60.0,1.3,2.0,58.0,1334u,card tích hợp,18.9,,Full HD
0220042002981__l56_20250402-105034,Laptop Acer Aspire 16 AI A16 71M 59L5 Ultra 5 125H/16GB/512GB/Win11 (NX.J4YSV.001),acer,253.22,359.7,4.5,19990000.0,18.0,14.0,8533.0,18690000.0,lpddr5,60.0,1.2,0.0,53.0,125h,card tích hợp,17.9,,HD
0220042002982__l134_20250402-105034,Laptop Acer Aspire 16 AI A16 71M 71U7 Ultra 7 155H/16GB/512GB/Win11 (NX.J4YSV.002),acer,253.22,359.7,4.8,22990000.0,22.0,16.0,8533.0,19990000.0,lpddr5,60.0,1.4,0.0,53.0,155h,card tích hợp,17.9,,HD
0220042002986__l331_20250402-105034,Laptop LG Gram 14Z90S Ultra 5 125H/16GB/512GB/Win11 (14Z90S-G.AH55A5),lg,214.3,312.0,4.5,36290000.0,18.0,14.0,6400.0,28490000.0,lpddr5,60.0,1.2,0.0,72.0,125h,card tích hợp,16.9,,Full HD
0220042002987__l332_20250402-105034,Laptop LG Gram 14Z90S Ultra 7 155H/16GB/512GB/Win11 (14Z90S-G.AH75A5),lg,214.3,312.0,4.8,41390000.0,22.0,16.0,6400.0,30990000.0,lpddr5,60.0,1.4,0.0,72.0,155h,card tích hợp,16.9,,Full HD
0220042002988__l333_20250402-105034,Laptop LG Gram 16Z90S Ultra 7 155H/16GB/512GB/Win11 (16Z90S-G.AH76A5),lg,242.3,355.1,4.8,45490000.0,22.0,16.0,7467.0,39490000.0,lpddr5,60.0,1.4,0.0,77.0,155h,card tích hợp,16.8,,Full HD
0220042002989__l334_20250402-105034,Laptop LG Gram 17Z90S Ultra 7 155H/16GB/1TB/Win11 (17Z90S-G.AH78A5),lg,258.8,378.8,4.8,49290000.0,22.0,16.0,7467.0,42990000.0,lpddr5,60.0,1.4,0.0,77.0,155h,card tích hợp,17.8,,Full HD
0220042002990__l335_20250402-105034,Laptop LG Gram 16Z90SP Ultra 7 155H/16GB/512GB/Win11 (16Z90SP-K.AH78A5),lg,251.6,357.7,4.8,,22.0,16.0,7467.0,,lpddr5,60.0,3.8,0.0,77.0,155h,card tích hợp,12.4,,Full HD
0220042002992__l2_20250402-105034,Laptop Dell Inspiron 15 3520 i5 1235U/16GB/512GB/120Hz/OfficeHS/Win11 (N5I5057W1),dell,235.56,358.5,4.4,16990000.0,12.0,10.0,2666.0,16490000.0,ddr4,120.0,1.3,2.0,41.0,1235u,card tích hợp,18.99,,HD
0220042002993__l314_20250402-105034,Laptop HP Elitebook 635 Aero G11 R5 8640U/16GB/512GB/Win11 (A8WS6PT),hp,211.2,297.3,4.9,25390000.0,12.0,6.0,6400.0,24490000.0,lpddr5,60.0,3.5,0.0,43.0,8640u,card tích hợp,15.1,,Full HD
0220042002994__l336_20250402-105034,Laptop HP Elitebook 635 Aero G11 R7 8840HS/16GB/512GB/Win11 (A8WS7PT),hp,211.2,297.3,5.1,27990000.0,16.0,8.0,6400.0,26990000.0,lpddr5,60.0,3.3,0.0,43.0,8840hs,card tích hợp,15.1,,Full HD
0220042002995__l8_20250402-105034,Laptop Lenovo IdeaPad Slim 3 15IRH10 i5 13420H/16GB/512GB/Win11 (83K1000HVN),lenovo,239.5,343.4,4.6,16490000.0,12.0,8.0,4800.0,16190000.0,ddr5,60.0,2.1,2.0,60.0,13420h,card tích hợp,17.9,,HD
0220042002996__l54_20250402-105034,Laptop Lenovo IdeaPad Slim 3 15IRH10 i7 13620H/24GB/512GB/Win11 (83K1000FVN),lenovo,239.5,343.4,4.9,20490000.0,16.0,10.0,4800.0,20090000.0,ddr5,60.0,2.4,2.0,60.0,13620h,card tích hợp,17.9,,HD
