product_id,name,root_price_vnd,discounted_price_vnd,battery_capacity_wh,cpu_threads,cpu_base_clock_ghz,ram_type,cpu_model,manufacturer,laptop_height_mm,laptop_width_mm,cpu_boost_clock_ghz,cpu_cores,ram_speed,refresh_rate_hz,ram_slots,vga_type,laptop_depth_mm,vga_vram_gb,laptop_camera
0220042002272__l46_20250402-105034,Laptop Acer Aspire 5 A515 58P 34RJ i3 1315U/8GB/512GB/Win11 (NX.KHJSV.003),13090000,10190000,50,8,1.2,lpddr5,1315u,acer,237.5,362.9,4.5,6,4800,60,0,card tích hợp,17.99,0,HD
0220042002367__l9_20250402-105034,Laptop Asus Vivobook 15 X1504ZA i3 1215U/8GB/512GB/Win11 (NJ102W),12290000,10690000,42,8,1.2,ddr4,1215u,asus,232.5,359.7,4.4,6,3200,60,2,card tích hợp,17.9,0,HD
0220042001279__l4_20250402-105034,Laptop MacBook Air 13 inch M1 8GB/256GB (MGN63SA/A),19990000,17190000,30,8,3,lpddr4x,m1,apple,212.4,304.1,3.2,8,4266,60,0,card tích hợp,4.1,0,HD
0220042001887__l133_20250402-105034,Laptop Acer Aspire 5 A514 54 5127 i5 1135G7/8GB/512GB/Win11 (NX.A28SV.007),15490000,11690000,48,8,2.4,ddr4,1135g7,acer,223,328,4.2,4,2666,60,1,card tích hợp,17.95,0,HD
0220042002045__l185_20250402-105034,Laptop HP 240 G9 i5 1235U/8GB/512GB/Win11 (6L1Y2PA),18590000,14990000,41,12,1.3,ddr4,1235u,hp,225.9,324,4.4,10,3200,60,2,card tích hợp,19.9,0,HD
0220042002137__l155_20250402-105034,Laptop Dell Inspiron 15 3520 i5 1235U/8GB/512GB/120Hz/OfficeHS/Win11 (i5U085W11BLU),15490000,14490000,41,12,1.3,ddr4,1235u,dell,235.56,358.5,4.4,10,2666,120,2,card tích hợp,18.99,0,HD
0220042002164__l93_20250402-105034,Laptop HP Pavilion 15 eg2088TU i7 1260P/16GB/512GB/Win11 (7C0R0PA),25290000,21690000,41.04,16,2.1,ddr4,1260p,hp,234,360.2,4.7,12,3200,60,2,card tích hợp,17.9,0,HD
0220042002182__l105_20250402-105034,Laptop HP Pavilion 15 eg2082TU i5 1240P/8GB/512GB/Win11 (7C0Q5PA),19790000,16990000,41.04,16,1.7,ddr4,1240p,hp,234,360.2,4.4,12,3200,60,2,card tích hợp,17.9,0,HD
0220042002196__l156_20250402-105034,Laptop Dell Vostro 15 3520 i5 1235U/8GB/512GB/120Hz/OfficeHS/Win11 (5M2TT2),15490000,13990000,41,12,1.3,ddr4,1235u,dell,235.56,358.5,4.4,10,3200,120,2,card tích hợp,19,0,HD
0220042002205__l96_20250402-105034,Laptop Acer Aspire 3 A315 59 5283 i5 1235U/8GB/512GB/Win11 (NX.K6TSV.00B),15990000,12390000,40,12,1.3,ddr4,1235u,acer,241.26,362.9,4.4,10,2400,60,2,card tích hợp,19.9,0,HD
0220042002215__l203_20250402-105034,Laptop Asus Vivobook 15 X1504VA i5 1335U/8GB/512GB/Win11 (NJ025W),17990000,15690000,42,12,1.3,ddr4,1335u,asus,232.5,359.7,4.6,10,3200,60,2,card tích hợp,17.9,0,HD
0220042002216__l194_20250402-105034,Laptop Asus Vivobook 15 X1504VA i7 1355U/16GB/512GB/Win11 (NJ023W),22990000,20290000,42,12,1.7,ddr4,1355u,asus,232.5,359.7,5,10,3200,60,2,card tích hợp,17.9,0,HD
0220042002244__l111_20250402-105034,Laptop HP 15s fq5147TU i7 1255U/8GB/512GB/Win11 (7C133PA),20890000,13990000,41,12,1.7,ddr4,1255u,hp,242,358.5,4.7,10,3200,60,2,card tích hợp,17.9,0,HD
0220042002245__l306_20250402-105034,Laptop Asus Vivobook 14 A1405VA i3 1315U/8GB/512GB/Win11 (LY097W),14990000,12990000,42,8,1.2,ddr4,1315u,asus,222,317.1,4.5,6,3200,60,2,card tích hợp,19.9,0,HD
0220042002304__l243_20250402-105034,Laptop Dell Inspiron 15 3530 i5 1335U/8GB/512GB/120Hz/OfficeHS/Win11 (N3530-i5U085W11BLU),18490000,16990000,41,12,1.3,ddr4,1335u,dell,235.56,358.5,4.6,10,2666,120,2,card tích hợp,16.96,0,HD
0220042002307__l76_20250402-105034,Laptop Asus Vivobook 16 X1605VA i5 1335U/16GB/512GB/Win11 (MB360W),18990000,14690000,42,12,1.3,ddr4,1335u,asus,249.5,358.7,4.6,10,3200,60,2,card tích hợp,19.9,0,HD
0220042002317__l94_20250402-105034,Laptop HP Pavilion 15 eg2081TU i5 1240P/16GB/512GB/Win11 (7C0Q4PA),20990000,18190000,41,16,1.7,ddr4,1240p,hp,234,360.2,4.4,12,3200,60,2,card tích hợp,17.9,0,HD
0220042002334__l318_20250402-105034,Laptop MSI Modern 15 B12MO i7 1255U/16GB/512GB/Win11 (487VN),19490000,15690000,39.3,12,1.7,ddr4,1255u,msi,241,359,4.7,10,3200,60,0,card tích hợp,19.9,0,HD
0220042002338__l60_20250402-105034,Laptop Asus Vivobook 15 OLED A1505VA i5 13500H/16GB/512GB/Win11 (L1341W),19990000,17690000,50,16,2.6,ddr4,13500h,asus,227.6,356.8,4.7,12,3200,60,2,card tích hợp,19.9,0,HD
0220042002348__l36_20250402-105034,Laptop MSI Modern 15 B12MO i5 1235U/16GB/512GB/Win11 (628VN),14990000,12690000,39.3,12,1.3,ddr4,1235u,msi,241,359,4.4,10,3200,60,0,card tích hợp,19.9,0,HD
0220042002351__l0_20250402-105034,Laptop Asus Vivobook Go 15 E1504FA R5 7520U/16GB/512GB/Win11 (NJ776W),14490000,12690000,42,8,2.8,lpddr5,7520u,asus,232.5,360.3,4.3,4,5500,60,0,card tích hợp,17.9,0,HD
0220042002353__l207_20250402-105034,Laptop Asus Vivobook 15 OLED A1505ZA i5 12500H/16GB/512GB/Win11 (L1337W),18990000,16690000,50,16,2.5,ddr4,12500h,asus,227.6,356.8,4.5,12,2933,60,2,card tích hợp,19.9,0,HD
0220042002355__l130_20250402-105034,Laptop HP Pavilion 15 eg3094TU i5 1335U/8GB/512GB/Win11 (8C5L5PA),19990000,16790000,41,12,1.3,ddr4,1335u,hp,234,360.2,4.6,10,3200,60,2,card tích hợp,18,0,HD
0220042002356__l20_20250402-105034,Laptop HP Pavilion 15 eg3093TU i5 1335U/16GB/512GB/Win11 (8C5L4PA),21290000,18190000,41,12,1.3,ddr4,1335u,hp,234,360.2,4.6,10,3200,60,2,card tích hợp,18,0,HD
0220042002357__l61_20250402-105034,Laptop HP Pavilion 15 eg3091TU i7 1355U/16GB/512GB/Win11 (8C5L2PA),25290000,23690000,41,12,1.7,ddr4,1355u,hp,234,360.2,5,10,3200,60,2,card tích hợp,18,0,HD
0220042002379__l154_20250402-105034,Laptop Acer Gaming Aspire 7 A715 76G 59MW i5 12450H/8GB/512GB/4GB RTX2050/144Hz/Win11 (NH.QMYSV.001),21490000,21490000,50,12,2,ddr4,12450h,acer,237.4,362.3,4.4,8,3200,144,2,card rời,19.9,4,HD
0220042002387__l23_20250402-105034,Laptop Lenovo Ideapad Slim 3 15IAH8 i5 12450H/16GB/512GB/Win11 (83ER000EVN),15990000,14690000,47,12,2,lpddr5,12450h,lenovo,235,359.3,4.4,8,4800,60,0,card tích hợp,17.9,0,Full HD
0220042002395__l63_20250402-105034,Laptop Lenovo Ideapad 1 15ALC7 R7 5700U/16GB/512GB/Win11 (82R400C1VN),14490000,13690000,42,16,1.8,ddr4,5700u,lenovo,236,360.2,4.3,8,3200,60,2,card tích hợp,17.9,0,HD
0220042002449__l147_20250402-105034,Laptop HP Probook 450 G10 i5 1335U/16GB/512GB/Win11 (873D1PA),22590000,21490000,51,12,1.3,ddr4,1335u,hp,233.9,359.4,4.6,10,3200,60,2,card tích hợp,19.9,0,HD
0220042002450__l195_20250402-105034,Laptop HP Probook 450 G10 i7 1355U/16GB/512GB/Win11 (873D3PA),26990000,24990000,51,12,1.7,ddr4,1355u,hp,233.9,359.4,5,10,3200,60,2,card tích hợp,19.9,0,HD
0220042002451__l164_20250402-105034,Laptop HP Elitebook 630 G10 i7 1355U/16GB/512GB/Win11 (873F2PA),27790000,27490000,42,12,1.7,ddr4,1355u,hp,208.4,306.9,5,10,3200,60,2,card tích hợp,15.9,0,HD
0220042002452__l209_20250402-105034,Laptop HP Pavilion 15 eg3095TU i5 1335U/8GB/512GB/Win11 (8C5L6PA),19990000,16790000,41,12,1.3,ddr4,1335u,hp,234,360.2,4.6,10,3200,60,2,card tích hợp,17.9,0,HD
0220042002463__l88_20250402-105034,Laptop Asus Vivobook 14 X1404VA i5 1335U/16GB/512GB/Win11 (NK050W),18490000,14590000,42,12,1.3,ddr4,1335u,asus,213.9,324.9,4.6,10,2933,60,2,card tích hợp,17.9,0,HD
0220042002465__l33_20250402-105034,Laptop Asus Vivobook X1404ZA i3 1215U/8GB/512GB/Win11 (NK246W),11990000,10490000,42,8,1.2,ddr4,1215u,asus,213.9,324.9,4.4,6,2933,60,2,card tích hợp,17.9,0,HD
0220042002466__l71_20250402-105034,Laptop HP 240 G8 i3 1115G4/8GB/512GB/Win11 (6L1A2PA),12790000,8990000,41,4,3,ddr4,1115g4,hp,225.9,324,4.1,2,3200,60,2,card tích hợp,19.9,0,HD
0220042002497__l101_20250402-105034,Laptop Apple MacBook Air 13 inch M2 16GB/256GB/10GPU (Z15S),29990000,23090000,52.6,8,3.2,lpddr5,m2,apple,215,304.1,3.5,8,6400,60,0,card tích hợp,11.3,0,Full HD
0220042002498__l101_20250402-105034,Laptop Apple MacBook Air 13 inch M2 16GB/256GB/10GPU (Z15W),29990000,23090000,52.6,8,3.2,lpddr5,m2,apple,215,304.1,3.5,8,6400,60,0,card tích hợp,11.3,0,Full HD
0220042002500__l101_20250402-105034,Laptop Apple MacBook Air 13 inch M2 16GB/256GB/10GPU (Z160),29990000,23090000,52.6,8,3.2,lpddr5,m2,apple,215,304.1,3.5,8,6400,60,0,card tích hợp,11.3,0,Full HD
0220042002535__l78_20250402-105034,Laptop Asus Zenbook 14 OLED UX3405MA Ultra 5 125H/16GB/512GB/Win11,28990000,26690000,75,18,1.2,lpddr5,125h,asus,220.1,312.4,4.5,14,5200,120,0,card tích hợp,14.9,0,Full HD
0220042002552__l216_20250402-105034,Laptop Dell Inspiron 15 3520 i5 1235U/8GB/512GB/120Hz/OfficeHS/KYHD/Win11 (71027003),15490000,13990000,41,12,1.3,ddr4,1235u,dell,235.56,358.5,4.4,10,2666,120,2,card tích hợp,18.99,0,HD
0220042002557__l95_20250402-105034,Laptop Asus Zenbook 14 OLED UX3405MA Ultra 7 155H/32GB/1TB/120Hz/Win11 (PP152W),34990000,31690000,75,22,1.4,lpddr5,155h,asus,220.1,312.4,4.8,16,4800,120,0,card tích hợp,14.9,0,Full HD
0220042002559__l22_20250402-105034,Laptop Acer Aspire 3 A315 44P R9W8 R7 5700U/8GB/512GB/Win11 (NX.KSJSV.002),12990000,10990000,50,16,1.8,ddr4,5700u,acer,241.26,362.9,4.3,8,3200,60,2,card tích hợp,19.9,0,HD
0220042002561__l170_20250402-105034,Laptop Acer Aspire 5 A514 56P 54TN i5 1335U/8GB/512GB/Win11 (NX.KHRSV.004),15990000,13990000,50,12,1.3,lpddr5,1335u,acer,225.5,318.8,4.6,10,6400,60,0,card tích hợp,17.99,0,HD
0220042002565__l43_20250402-105034,Laptop Lenovo Ideapad Slim 5 14IAH8 i5 12450H/16GB/1TB/Win11 (83BF003WVN),18490000,17690000,56.6,12,2,lpddr5,12450h,lenovo,221,312,4.4,8,4800,60,0,card tích hợp,17.9,0,Full HD
0220042002566__l35_20250402-105034,Laptop Lenovo Gaming LOQ 15IAX9 i5 12450HX/16GB/512GB/6GB RTX3050/144Hz/Win11 (83GS000JVN),24990000,21690000,60,12,2.4,ddr5,12450hx,lenovo,258.7,359.86,4.4,8,4800,144,2,card rời,23.9,6,HD
0220042002567__l210_20250402-105034,Laptop Dell Vostro 15 3520 i5 1235U/8GB/512GB/120Hz/OfficeHS/KYHD/Win11 (V5I5610W1),15490000,14490000,41,12,1.3,ddr4,1235u,dell,234.9,358.5,4.4,10,2666,120,2,card tích hợp,17.5,0,HD
0220042002569__l228_20250402-105034,Laptop MSI Gaming Katana A15 AI B8VE R7 8845HS/16GB/512GB/6GB RTX4050/144Hz/Win11 (402VN),28990000,28990000,53.5,16,3.8,ddr5,8845hs,msi,259,359,5.1,8,5600,144,2,card rời,24.9,6,HD
0220042002575__l7_20250402-105034,Laptop Acer Aspire 3 A314 42P R3B3 R7 5700U/16GB/512GB/Win11 (NX.KSFSV.001),13990000,11990000,50,16,1.8,lpddr4,5700u,acer,225.5,318.2,4.3,8,4266,60,0,card tích hợp,17.8,0,HD
0220042002577__l19_20250402-105034,Laptop Asus Vivobook X1404ZA i5 1235U/16GB/512GB/Win11 (NK376W),16490000,14490000,42,12,1.3,ddr4,1235u,asus,213.9,324.9,4.4,10,3200,60,2,card tích hợp,17.9,0,HD
0220042002599__l51_20250402-105034,Laptop MacBook Air 13 inch M3 16GB/512GB (MXCU3SA/A),32990000,28690000,30,8,3.4,lpddr5,m3,apple,215,304.1,4.05,8,6400,60,0,card tích hợp,11.3,0,Full HD
0220042002632__l198_20250402-105034,Laptop MSI Prestige 13 AI Evo A1MG Ultra 7 155H/32GB/1TB/Win11 (062VN),33990000,33690000,75,22,1.4,lpddr5,155h,msi,210,299,4.8,16,6400,60,0,card tích hợp,16.9,0,Full HD
0220042002633__l108_20250402-105034,Laptop Acer Aspire 5 A515 58M 56YX i5 13420H/16GB/512GB/Win11 (NX.KQ8SV.005),17490000,14990000,50,12,2.1,lpddr5,13420h,acer,237.5,362.9,4.6,8,4800,60,0,card tích hợp,17.9,0,Full HD
0220042002635__l5_20250402-105034,Laptop HP 15 fd0234TU i5 1334U/16GB/512GB/Win11 (9Q969PA),19790000,15890000,41,12,1.3,ddr4,1334u,hp,236,359.8,4.6,10,3200,60,2,card tích hợp,18.6,0,HD
0220042002636__l48_20250402-105034,Laptop HP 240 G10 i5 1335U/16GB/512GB/Win11 (9H2E4PT),19590000,17590000,41,12,1.3,ddr4,1335u,hp,215,324,4.6,10,3200,60,2,card tích hợp,17.9,0,HD
0220042002638__l115_20250402-105034,Laptop HP Elitebook 630 G10 i5 1335U/16GB/512GB/Win11 (9J0B4PT),23590000,22490000,42,12,1.3,ddr4,1335u,hp,208.4,306.9,4.6,10,3200,60,2,card tích hợp,15.9,0,HD
0220042002640__l308_20250402-105034,Laptop HP Gaming VICTUS 16 r0228TX i5 13500H/32GB/512GB/6GB RTX4050/144Hz/Win11 (9Q979PA),33290000,33290000,70,16,2.6,ddr5,13500h,hp,259.4,369,4.7,12,5200,144,2,card rời,23.9,6,Full HD
0220042002641__l309_20250402-105034,Laptop HP Gaming VICTUS 16 r0227TX i5 13500H/32GB/512GB/8GB RTX4060/144Hz/Win11 (9Q978PA),34890000,34890000,70,16,2.6,ddr5,13500h,hp,259.4,369,4.7,12,5200,144,2,card rời,23.9,8,Full HD
0220042002645__l299_20250402-105034,Laptop HP Gaming OMEN 16 xf0070AX R9 7940HS/32GB/1TB/8GB RTX4070/240Hz/Win11 (8W945PA),62890000,62890000,83,16,4,ddr5,7940hs,hp,259.4,369,5.2,8,5600,240,2,card rời,23.5,8,Full HD
0220042002646__l307_20250402-105034,Laptop HP Elitebook 630 G10 i5 1335U/16GB/512GB/Win11 (9J0B5PT),24390000,23290000,42,12,1.3,ddr4,1335u,hp,208.4,306.9,4.6,10,3200,60,2,card tích hợp,15.9,0,HD
0220042002650__l205_20250402-105034,Laptop Dell Vostro 15 3520 i5 1235U/16GB/512GB/120Hz/OfficeHS/KYHD/Win11 (i5U165W11GRU),16990000,16490000,41,12,1.3,ddr4,1235u,dell,235.56,358.5,4.4,10,2666,120,2,card tích hợp,18.99,0,HD
0220042002653__l244_20250402-105034,Laptop Asus Zenbook 14 OLED UX3405MA Ultra 9 185H/32GB/1TB/120Hz/Win11 (PP475W),36990000,33990000,75,22,3.9,lpddr5,185h,asus,220.1,312.4,5.1,16,4800,120,0,card tích hợp,14.9,0,Full HD
0220042002659__l235_20250402-105034,Laptop HP Gaming VICTUS 16 r0127TX i7 13700H/16GB/512GB/8GB RTX4060/144Hz/Win11 (8C5N2PA),38390000,34290000,70,20,2.4,ddr5,13700h,hp,259.4,369,5,14,5200,144,2,card rời,23.9,8,Full HD
0220042002679__l251_20250402-105034,Laptop MSI Creator M16 HX C14VFG i7 14700HX/32GB/1TB/8GB RTX4060/240Hz/Win11 (040VN),45990000,45990000,65,28,2.1,ddr5,14700hx,msi,266.44,359,5.5,20,5600,240,2,card rời,21.81,8,HD
0220042002660__l188_20250402-105034,Laptop Acer Swift Go 14 AI SFG14 73 53X7 Ultra 5 125H/16GB/512GB/Win11 (NX.KSLSV.001),23990000,22990000,65,18,3.6,lpddr5,125h,acer,217.9,312.9,4.5,14,6400,120,0,card tích hợp,14.9,0,Full HD
0220042002661__l212_20250402-105034,Laptop Acer Swift Go 14 AI SFG14 73 71ZX Ultra 7 155H/16GB/512GB/Win11 (NX.KSLSV.002),26990000,25790000,65,22,1.4,lpddr5,155h,acer,217.9,312.9,4.8,16,6400,120,0,card tích hợp,14.9,0,Full HD
0220042002663__l40_20250402-105034,Laptop Dell Inspiron 15 3520 i5 1235U/16GB/512GB/120Hz/OfficeHS/Win11 (N5I5052W1),16990000,16490000,41,12,1.3,ddr4,1235u,dell,235.56,358.5,4.4,10,2666,120,2,card tích hợp,16.96,0,HD
0220042002665__l180_20250402-105034,Laptop Dell Inspiron 14 5440 Core 7 150U/16GB/512GB/OfficeHS/Win11 (N4I7204W1),26490000,24990000,54,12,2.7,ddr5,150u,dell,226.15,314,5.4,10,5200,60,2,card tích hợp,18.07,0,Full HD
0220042002667__l215_20250402-105034,Laptop Dell Inspiron 15 3530 i7 1355U/16GB/1TB/120Hz/OfficeHS/Win11 (P16WD),23490000,22490000,54,12,1.7,ddr4,1355u,dell,235.6,358.5,5,10,2666,120,2,card tích hợp,19,0,HD
0220042002670__l15_20250402-105034,Laptop Asus Vivobook 15 OLED A1505ZA i5 12500H/16GB/512GB/120Hz/Win11 (MA415W),19990000,16490000,50,16,2.5,ddr4,12500h,asus,227.6,356.8,4.5,12,3200,120,2,card tích hợp,19.9,0,HD
0220042002672__l121_20250402-105034,Laptop Asus Vivobook S 16 OLED S5606MA Ultra 5 125H/16GB/512GB/120Hz/Win11 (MX050W),27990000,23690000,75,18,1.2,lpddr5,125h,asus,246.9,353.6,4.5,14,7467,120,0,card tích hợp,15.9,0,Full HD
0220042002673__l47_20250402-105034,Laptop Asus Zenbook 14 OLED UX3402VA i5 13500H/16GB/512GB/90Hz/Win11 (KM657W),26990000,23190000,75,16,2.6,lpddr5,13500h,asus,220.6,313.6,4.7,12,4266,90,0,card tích hợp,16.9,0,Full HD
0220042002677__l236_20250402-105034,Laptop MSI Creator Z17 HX Studio A14VGT i7 14700HX/32GB/2TB/8GB RTX4070/165Hz/Win11 (272VN),71990000,71990000,90,28,2.1,ddr5,14700hx,msi,260,382,5.5,20,5600,165,2,card rời,19,8,Full HD
0220042002681__l13_20250402-105034,Laptop Lenovo Ideapad Slim 3 15AMN8 R5 7520U/16GB/512GB/Win11 (82XQ00J0VN),14390000,13190000,47,8,2.8,lpddr5,7520u,lenovo,235,359.3,4.3,4,5500,60,0,card tích hợp,17.9,0,HD
0220042002682__l197_20250402-105034,Laptop Lenovo Yoga Slim 7 14IMH9 Ultra 7 155H/32GB/1TB/OfficeHS/Win11 (83CV001VVN),31990000,30490000,65,22,1.4,lpddr5,155h,lenovo,221,312,4.8,16,7467,60,0,card tích hợp,14.9,0,Full HD
0220042002690__l51_20250402-105034,Laptop MacBook Air 13 inch M3 16GB/512GB (Z1B600238),32990000,30490000,52.6,8,3.4,lpddr5,m3,apple,215,304.1,4.05,8,6400,60,0,card tích hợp,11.3,0,Full HD
0220042002708__l120_20250402-105034,Laptop Dell Vostro 3520 i5 1235U/16GB/512GB/120Hz/OfficeHS/Win11 (71030559),16990000,16490000,41,12,1.3,ddr4,1235u,dell,235.56,358.5,4.4,10,2666,120,2,card tích hợp,18.99,0,HD
0220042002691__l51_20250402-105034,Laptop MacBook Air 13 inch M3 16GB/512GB (Z1B8001XN),32990000,28690000,52.6,8,3.4,lpddr5,m3,apple,215,304.1,4.05,8,6400,60,0,card tích hợp,11.3,0,Full HD
0220042002693__l51_20250402-105034,Laptop MacBook Air 13 inch M3 16GB/512GB (Z1BC002JH),32990000,28690000,52.6,8,3.4,lpddr5,m3,apple,215,304.1,4.05,8,6400,60,0,card tích hợp,11.3,0,Full HD
0220042002694__l38_20250402-105034,Laptop HP 15 fd0015TU i7 1355U/16GB/512GB/Win11 (A19C5PA),21990000,20190000,41,12,1.7,ddr4,1355u,hp,236,359.8,5,10,3200,60,2,card tích hợp,18.6,0,HD
0220042002696__l11_20250402-105034,Laptop Dell Inspiron 15 3520 i5 1235U/16GB/512GB/120Hz/OfficeHS/KYHD/Win11 (25P2312),16990000,16490000,41,12,1.3,ddr4,1235u,dell,235.56,358.5,4.4,10,2666,120,2,card tích hợp,18.99,0,HD
0220042002697__l142_20250402-105034,Laptop Dell Inspiron 14 5440 Core 7 150U/16GB/1TB/OfficeHS/Win11 (7FN5J),26990000,24990000,54,12,2.7,ddr5,150u,dell,226.15,314,5.4,10,5200,60,2,card tích hợp,18.9,0,HD
0220042002702__l31_20250402-105034,Laptop HP 245 G10 R5 7530U/8GB/512GB/Win11 (A20TDPT),14590000,12690000,41,12,2,ddr4,7530u,hp,215,324,4.5,6,3200,60,2,card tích hợp,17.9,0,HD
0220042002703__l10_20250402-105034,Laptop HP 15 fd0303TU i3 1315U/8GB/512GB/Win11 (A2NL4PA),13490000,11490000,41,8,1.2,ddr4,1315u,hp,236,359.8,4.5,6,3200,60,2,card tích hợp,18.6,0,HD
0220042002707__l231_20250402-105034,Laptop Dell Inspiron 15 3530 i7 1355U/16GB/512GB/120Hz/OfficeHS/Win11 (71026454),22390000,21490000,54,12,1.7,ddr4,1355u,dell,235.5,358.5,5,10,2666,120,2,card tích hợp,18.9,0,HD
0220042002709__l213_20250402-105034,Laptop HP Spectre X360 14 eu0050TU Ultra 7 155H/32GB/1TB/Win11 (A19BLPA),56990000,56990000,68,22,1.4,lpddr5,155h,hp,220.4,313.7,4.8,16,7467,120,0,card tích hợp,16.9,0,Full HD
0220042002712__l34_20250402-105034,Laptop Acer Aspire Lite 14 51M 59BN i5 1235U/16GB/512GB/Win11 (NX.KTXSV.001),14990000,14690000,58,12,1.3,ddr5,1235u,acer,218,313.3,4.4,10,4800,60,2,card tích hợp,16.9,0,Full HD
0220042002713__l248_20250402-105034,Laptop Lenovo Gaming Legion Pro 7 16IRX9H i9 14900HX/32GB/1TB/16GB RTX4090/240Hz/Win11 (83DE001MVN),106990000,102690000,99.9,32,2.2,ddr5,14900hx,lenovo,262.1,363.5,5.8,24,5600,240,2,card rời,25.9,16,Full HD
0220042002732__l208_20250402-105034,Laptop HP Envy X360 14 fa0048AU R7 8840HS/16GB/512GB/Win11 (A19BQPA),31690000,28290000,59,16,3.3,lpddr5,8840hs,hp,218.9,313.3,5.1,8,6400,60,0,card tích hợp,16.9,0,Full HD
0220042002719__l173_20250402-105034,Laptop Lenovo Ideapad Slim 5 14IMH9 Ultra 7 155H/32GB/512GB/Win11 (83DA001YVN),27690000,25690000,57,22,1.4,lpddr5,155h,lenovo,221,312,4.8,16,7467,60,0,card tích hợp,16.9,0,Full HD
0220042002721__l90_20250402-105034,Laptop Lenovo Ideapad Slim 5 15IRU9 Core 5 120U/16GB/512GB/Win11 (83D0000EVN),21690000,17690000,57,12,1.4,lpddr5,120u,lenovo,238.21,343.5,5,10,5200,60,0,card tích hợp,17.42,0,Full HD
0220042002723__l137_20250402-105034,Laptop Lenovo ThinkPad E14 Gen 6 Ultra 7 155U/16GB/512GB/Win11 (21M7004UVN),28790000,27790000,47,14,1.7,ddr5,155u,lenovo,219.3,313,4.8,12,5600,60,2,card tích hợp,17.99,0,Full HD
0220042002724__l201_20250402-105034,Laptop Lenovo ThinkBook 16 G7 Ultra 5 125U/16GB/512GB/Win11 (21MS007GVN),23690000,22190000,45,14,1.3,ddr5,125u,lenovo,253.5,356,4.3,12,5600,60,2,card tích hợp,17.5,0,Full HD
0220042002725__l116_20250402-105034,Laptop Lenovo V14 G4 i7 1355U/16GB/512GB/Win11 (83A00012VN),19990000,17990000,38,12,1.7,ddr4,1355u,lenovo,215.2,324.2,5,10,3200,60,2,card tích hợp,19.9,0,HD
0220042002727__l184_20250402-105034,Laptop HP Envy x360 14 fc0094TU Ultra 5 125U/16GB/512GB/Win11 (A19C4PA),29490000,26190000,59,14,1.3,lpddr5,125u,hp,218.9,313.3,4.3,12,6400,60,0,card tích hợp,16.9,0,Full HD
0220042002728__l217_20250402-105034,Laptop HP Envy x360 14 fc0089TU Ultra 7 155U/16GB/512GB/Win11 (A19BZPA),33490000,30890000,59,14,1.7,lpddr5,155u,hp,218.9,313.3,4.8,12,6400,60,0,card tích hợp,16.9,0,Full HD
0220042002733__l52_20250402-105034,Laptop HP Pavilion X360 14 ek2024TU Core 5 120U/16GB/512GB/Win11 (9Z2V6PA),24990000,23990000,43,12,1.4,ddr4,120u,hp,210,322,5,10,3200,60,0,card tích hợp,18.9,0,Full HD
0220042002734__l70_20250402-105034,Laptop HP Pavilion X360 14 ek2027TU Core 7 150U/16GB/512GB/Win11 (9Z2V9PA),28290000,27190000,43,12,1.8,ddr4,150u,hp,210,322,5.4,10,3200,60,0,card tích hợp,18.9,0,Full HD
0220042002735__l249_20250402-105034,Laptop HP Envy X360 14 fc0083TU Ultra 7 155U/32GB/1TB/Touch/Pen/Win11 (A19BSPA),36590000,35190000,59,14,1.7,lpddr5,155u,hp,218.9,313.3,4.8,12,6400,60,0,card tích hợp,16.9,0,Full HD
0220042002736__l18_20250402-105034,Laptop Acer Aspire Lite 14 51M 36MH i3 1215U/8GB/256GB/Win11 (NX.KTVSV.001),10490000,9990000,58,8,1.2,ddr5,1215u,acer,218,313.3,4.4,6,4800,60,2,card tích hợp,16.9,0,Full HD
0220042002737__l12_20250402-105034,Laptop Acer Aspire Lite 14 51M 36PN i3 1215U/8GB/512GB/Win11 (NX.KTWSV.001),10990000,10390000,58,8,1.2,ddr5,1215u,acer,218,313.3,4.4,6,4800,60,2,card tích hợp,16.9,0,Full HD
0220042002751__l219_20250402-105034,Laptop HP Probook 450 G10 i5 1335U/16GB/512GB/Win11 (9H1N5PT),22590000,21490000,51,12,1.3,ddr4,1335u,hp,233.9,359.4,4.6,10,3200,60,2,card tích hợp,19.9,0,HD
0220042002738__l167_20250402-105034,Laptop Dell Inspiron 16 5640 Core 7 150U/16GB/1TB/OfficeHS/Win11 (N5640-C7U161W11IBU),27490000,25990000,54,12,2.7,ddr5,150u,dell,249.52,356.78,5.4,10,5200,60,2,card tích hợp,17.37,0,Full HD
0220042002739__l252_20250402-105034,Laptop Dell Inspiron 16 5640 Core 7 150U/16GB/1TB/2GB MX570A/120Hz/OfficeHS/Win11 (N6I7512W1),34690000,32490000,54,12,1.8,ddr5,150u,dell,249.52,356.78,5.4,10,5200,120,2,card rời,17.37,2,Full HD
0220042002741__l179_20250402-105034,Laptop Lenovo IdeaPad Slim 5 14IMH9 Ultra 5 125H/16GB/512GB/Win11 (83DA001NVN),22690000,20190000,57,18,1.2,lpddr5,125h,lenovo,221,312,4.5,14,7467,60,0,card tích hợp,16.9,0,Full HD
0220042002742__l26_20250402-105034,Laptop Lenovo Gaming LOQ 15IAX9 i5 12450HX/24GB/512GB/6GB RTX3050/144Hz/Win11 (83GS00D9VN),25490000,22690000,60,12,2.4,ddr5,12450hx,lenovo,258.7,359.86,4.4,8,4800,144,2,card rời,23.9,6,HD
0220042002808__l30_20250402-105034,Laptop HP 240 G9 i3 1215U/8GB/512GB/Win11 (AG2J5AT),13690000,11190000,41,8,1.2,ddr4,1215u,hp,225.9,324,4.4,6,3200,60,2,card tích hợp,19.9,0,HD
0220042002744__l62_20250402-105034,Laptop HP 15 fd1063TU Ultra 5 125H/16GB/512GB/Win11 (9Z2Y1PA),20990000,18690000,41,18,1.2,ddr5,125h,hp,236,359.8,4.5,14,5600,60,2,card tích hợp,18.6,0,HD
0220042002745__l1_20250402-105034,Laptop HP 15 fc0085AU R5 7430U/16GB/512GB/Win11 (A6VV8PA),15190000,13690000,41,12,2.3,ddr4,7430u,hp,236,359.8,4.3,6,3200,60,2,card tích hợp,18.6,0,HD
0220042002746__l257_20250402-105034,Laptop MSI Gaming Cyborg 15 A13VFK i7 13620H/16GB/512GB/8GB RTX4060/144Hz/Win11 (876VN),30990000,29990000,53.5,16,2.4,ddr5,13620h,msi,250.34,359.36,4.9,10,5200,144,2,card rời,22.9,8,HD
0220042002747__l277_20250402-105034,Laptop MSI Gaming Katana A15 AI B8VG R9 8945HS/16GB/1TB/8GB RTX4070/144Hz/Balo/Lót chuột/Chuột/Win11 (466VN),41990000,40990000,53.5,16,4,ddr5,8945hs,msi,259,359,5.2,8,5600,144,2,card rời,24.9,8,HD
0220042002750__l132_20250402-105034,Laptop HP 240 G9 i5 1235U/16GB/512GB/Win11 (9T2G2PT),19590000,15890000,41.04,12,1.3,ddr4,1235u,hp,225.9,324,4.4,10,3200,60,2,card tích hợp,19.9,0,HD
0220042002752__l220_20250402-105034,Laptop HP Probook 450 G10 i7 1355U/16GB/512GB/Win11 (9H8H1PT),26990000,24990000,51,12,1.7,ddr4,1355u,hp,233.9,359.4,5,10,3200,60,2,card tích hợp,19.9,0,HD
0220042002753__l145_20250402-105034,Laptop HP Elitebook 630 G10 i7 1355U/16GB/512GB/Win11 (9H1N9PT),27790000,27490000,42,12,1.7,ddr4,1355u,hp,208.4,306.9,5,10,3200,60,2,card tích hợp,15.9,0,HD
0220042002756__l146_20250402-105034,Laptop Acer Swift Go 14 41 R251 R5 7430U/16GB/1TB/Win11 (NX.KG3SV.005),19490000,18190000,50,12,2.3,lpddr4,7430u,acer,211.72,321.71,4.3,6,4800,60,0,card tích hợp,15.9,0,Full HD
0220042002757__l218_20250402-105034,Laptop Acer Aspire 5 A515 58M 79R7 i7 13620H/16GB/512GB/Win11 (NX.KQ8SV.007),20990000,17990000,50,16,2.4,lpddr5,13620h,acer,237.5,362.9,4.9,10,4800,60,0,card tích hợp,17.9,0,Full HD
0220042002758__l92_20250402-105034,Laptop Acer Aspire Lite AL16 51P 596H i5 1235U/8GB/512GB/Win11 (NX.KWZSV.002),13990000,12490000,58,12,1.3,ddr5,1235u,acer,247,357.6,4.4,10,4800,60,2,card tích hợp,18.9,0,Full HD
0220042002759__l129_20250402-105034,Laptop Dell Inspiron 15 3530 i5 1334U/16GB/512GB/120Hz/OfficeHS/Win11 (N5I5340W1),19990000,18490000,41,12,1.3,ddr4,1334u,dell,235.56,358.5,4.6,10,2666,120,2,card tích hợp,18.99,0,HD
0220042002762__l125_20250402-105034,Laptop MSI Modern 14 C13M i5 1335U/16GB/512GB/Win11 (611VN),18490000,14190000,39.3,12,1.3,ddr4,1335u,msi,223,319.9,4.6,10,3200,60,0,card tích hợp,19.35,0,HD
0220042002765__l264_20250402-105034,Laptop Dell XPS 13 9340 Ultra 7 155H/16GB/1TB/OfficeHS/Win11 (HXRGT),59990000,53490000,55,22,1.4,lpddr5,155h,dell,199,295.3,4.8,16,7467,60,0,card tích hợp,15.3,0,HD
0220042002775__l237_20250402-105034,Laptop Dell Latitude 3440 i7 1355U/16GB/512GB/Win11 (71038103),26990000,23990000,42,12,1.7,ddr4,1355u,dell,240,359,5,10,3200,60,2,card tích hợp,20.44,0,Full HD
0220042002809__l224_20250402-105034,Laptop Dell Inspiron 15 3520 i5 1235U/16GB/512GB/120Hz/OfficeHS/KYHD/Win11 (71043883),16990000,16490000,41,12,1.3,ddr4,1235u,dell,235.56,358.5,4.4,10,2666,120,2,card tích hợp,18.99,0,HD
0220042002778__l49_20250402-105034,Laptop Asus Vivobook 15 X1504ZA i5 1235U/16GB/512GB/Win11 (NJ1546W),16990000,14090000,42,12,1.3,ddr4,1235u,asus,232.5,359.7,4.4,10,3200,60,2,card tích hợp,17.9,0,HD
0220042002779__l78_20250402-105034,Laptop Asus Zenbook 14 OLED UX3405MA Ultra 5 125H/16GB/512GB/Win11,28990000,26690000,75,18,1.2,lpddr5,125h,asus,220.1,312.4,4.5,14,5200,120,0,card tích hợp,14.9,0,Full HD
0220042002780__l75_20250402-105034,Laptop Dell Latitude 3440 i5 1235U/16GB/512GB/Win11 (L3440-I51235U-16G512G),18990000,16990000,41,12,1.3,ddr4,1235u,dell,219.43,322.17,4.4,10,3200,60,2,card tích hợp,19.37,0,Full HD
0220042002781__l86_20250402-105034,Laptop Dell Inspiron 15 3530 i5 1334U/16GB/512GB/120Hz/OfficeHS/Win11 (N3530-i5U165W11SLU),19990000,18490000,41,12,1.3,ddr4,1334u,dell,235.56,358.5,4.6,10,2666,120,2,card tích hợp,18.99,0,HD
0220042002782__l206_20250402-105034,Laptop Dell Vostro 15 3520 i5 1235U/16GB/512GB/120Hz/OfficeHS/Win11 (V3520-i5U165W11GRU),16990000,16490000,41,12,1.3,ddr4,1235u,dell,235.56,358.5,4.4,10,2666,120,2,card tích hợp,18.99,0,HD
0220042002785__l211_20250402-105034,Laptop Lenovo ThinkBook 14 Ultra 7 155U/16GB/512GB/Win11 (21MR0072VN),27390000,25690000,45,14,1.7,ddr5,155u,lenovo,224,313.5,4.8,12,5600,60,2,card tích hợp,16.9,0,Full HD
0220042002786__l131_20250402-105034,Laptop Lenovo ThinkPad E16 Ultra 7 155H/32GB/1TB/Win11 (21MA004PVN),34390000,33390000,47,22,1.4,ddr5,155h,lenovo,247.7,356.1,4.8,16,5600,60,2,card tích hợp,19.85,0,Full HD
0220042002787__l250_20250402-105034,Laptop Lenovo Thinkpad X13 Ultra 5 125U/16GB/512GB/Win11 Pro (21LU004NVN),34990000,33990000,54.7,14,1.3,lpddr5,125u,lenovo,214.8,301.7,4.3,12,6400,60,0,card tích hợp,15.95,0,Full HD
0220042002788__l122_20250402-105034,Laptop Lenovo IdeaPad Slim 5 14IMH9 Ultra 7 155H/32GB/1TB/Win11 (83DA0020VN),28690000,26190000,57,22,1.4,lpddr5,155h,lenovo,221,312,4.8,16,7467,60,0,card tích hợp,16.9,0,Full HD
0220042002789__l176_20250402-105034,Laptop Lenovo Yoga Pro 7 14IMH9 Ultra 7 155H/32GB/1TB/6GB RTX4050/120Hz/OfficeHS/Win11 (83E2005DVN),47290000,46990000,73,22,1.4,lpddr5,155h,lenovo,226.49,325.5,4.8,16,7467,120,0,card rời,16.6,6,Full HD
0220042002795__l73_20250402-105034,Laptop Asus Vivobook S 14 OLED S5406MA Ultra 5 125H/16GB/1TB/120Hz/Win11 (PP136W),26990000,24690000,75,18,1.2,lpddr5,125h,asus,221.9,310.5,4.5,14,7467,120,0,card tích hợp,15.9,0,Full HD
0220042002796__l119_20250402-105034,Laptop HP 240 G9 i3 1215U/8GB/512GB/Win11 (6L1X8PA),13690000,11190000,41.04,8,1.2,ddr4,1215u,hp,225.9,324,4.4,6,3200,60,2,card tích hợp,19.9,0,HD
0220042002797__l107_20250402-105034,Laptop Dell Vostro 3530 i5 1335U/16GB/512GB/120Hz/OfficeHS/Win11 (80GG93),19990000,18490000,41,12,1.3,ddr4,1335u,dell,235.56,358.5,4.6,10,2666,120,2,card tích hợp,18.99,0,HD
0220042002798__l181_20250402-105034,Laptop Dell Inspiron 15 3530 i7 1355U/16GB/512GB/120Hz/Office365/KYHD/Win11 (N5I7301W1),22390000,21490000,54,12,1.7,ddr4,1355u,dell,234.9,358.5,5,10,2666,120,2,card tích hợp,17.5,0,HD
0220042002800__l294_20250402-105034,Laptop Samsung Galaxy Chromebook Go XE340XDA N4500/4GB/32GB/ChromeOS,11990000,8990000,42.3,2,1.1,lpddr4,n4500,samsung,225.6,327.1,2.8,2,2933,60,0,card tích hợp,15.9,0,HD
0220042002801__l295_20250402-105034,Laptop Samsung Galaxy Chromebook Go XE310XDA N4500/4GB/32GB/ChromeOS,9990000,7990000,40.2,2,1.1,lpddr4,n4500,samsung,202.3,287.9,2.8,2,2933,60,0,card tích hợp,15.9,0,HD
0220042002803__l127_20250402-105034,Laptop Lenovo Gaming LOQ 15IAX9 i5 12450HX/24GB/512GB/4GB RTX2050/144Hz/Win11 (83GS00DBVN),23490000,20190000,60,12,2.4,ddr5,12450hx,lenovo,258.7,359.86,4.4,8,4800,144,2,card rời,23.9,4,HD
0220042002806__l16_20250402-105034,Laptop HP 240 G9 i5 1235U/16GB/512GB/Win11 (AG2J7AT),19590000,15890000,41,12,1.3,ddr4,1235u,hp,225.9,324,4.4,10,3200,60,2,card tích hợp,19.9,0,HD
0220042002807__l163_20250402-105034,Laptop HP Envy X360 14 fa0050AU R5 8640HS/16GB/512GB/Win11 (A29H8PA),28990000,26590000,59,12,3.5,lpddr5,8640hs,hp,218.9,313.3,4.9,6,6400,60,0,card tích hợp,16.9,0,Full HD
0220042002810__l113_20250402-105034,Laptop Dell Inspiron 15 3530 i5 1334U/16GB/512GB/120Hz/OfficeHS/KYHD/Win11 (71043885),19990000,18490000,41,12,1.3,ddr4,1334u,dell,235.56,358.5,4.6,10,2666,120,2,card tích hợp,18.99,0,HD
0220042002811__l141_20250402-105034,Laptop Dell Inspiron 15 3530 i7 1355U/16GB/512GB/120Hz/OfficeHS/Win11 (71043888),22390000,21490000,54,12,1.7,ddr4,1355u,dell,235.56,358.5,5,10,2666,120,2,card tích hợp,18.99,0,HD
0220042002812__l186_20250402-105034,Laptop Dell Inspiron 16 5640 Core 7 150U/16GB/1TB/2GB MX570A/OfficeHS/Win11 (KHPF5),29490000,29490000,54,12,1.8,ddr5,150u,dell,249.5,356.7,5.4,10,5200,60,2,card rời,19,2,Full HD
0220042002814__l77_20250402-105034,Laptop Asus Vivobook 15 OLED A1505VA i5 13500H/16GB/512GB/120Hz/Win11 (MA467W),20990000,18190000,50,16,2.6,ddr4,13500h,asus,227.6,356.8,4.7,12,3200,120,2,card tích hợp,19.9,0,HD
0220042002815__l100_20250402-105034,Laptop Asus Vivobook 15 OLED A1505VA i9 13900H/16GB/512GB/120Hz/OfficeHS/Win11 (MA586WS),25990000,22590000,50,20,2.6,ddr4,13900h,asus,227.6,356.8,5.4,14,3200,120,2,card tích hợp,19.9,0,HD
0220042002821__l221_20250402-105034,Laptop Lenovo Gaming LOQ 15ARP9 R7 7435HS/24GB/512GB/8GB RTX4060/144Hz/Win11 (83JC003YVN),31490000,29190000,60,16,3.1,ddr5,7435hs,lenovo,258.7,359.86,4.5,8,4800,144,2,card rời,23.9,8,HD
0220042002817__l202_20250402-105034,Laptop Acer Aspire 3 A315 58 529V i5 1135G7/8GB/256GB/Win11 (NX.ADDSV.00N),10990000,10990000,36.7,8,2.4,ddr4,1135g7,acer,238.4,363.4,4.2,4,2400,60,1,card tích hợp,19.9,0,HD
0220042002819__l189_20250402-105034,Laptop Lenovo V15 G5 IRL Core 5 120U/16GB/512GB/Win11 (83HF0000VN),19890000,17890000,47,12,1.4,ddr5,120u,lenovo,235.8,359.2,5,10,5200,60,2,card tích hợp,18.3,0,HD
0220042002820__l311_20250402-105034,Laptop Lenovo Thinkpad X13 Ultra 7 155H/32GB/1TB/Win11 Pro (21LU004LVN),45590000,44590000,54.7,22,1.4,lpddr5,155h,lenovo,214.8,301.7,4.8,16,6400,60,0,card tích hợp,15.95,0,Full HD
0220042002968__l50_20250402-105034,Laptop Dell Inspiron 15 3520 i7 1255U/16GB/512GB/120Hz/OfficeHS/Win11 (71053682),20590000,19990000,54,12,1.7,ddr4,1255u,dell,235.56,358.5,4.7,10,2666,120,2,card tích hợp,18.99,0,HD
0220042002822__l253_20250402-105034,Laptop Asus Vivobook S 16 OLED M5606WA R9 AI HX 370/32GB/1TB/120Hz/OfficeHS/Win11 (MX072WS),33990000,30490000,75,24,2,lpddr5,hx 370,asus,246.9,353.6,5.1,12,7500,120,0,card tích hợp,13.9,0,Full HD
0220042002828__l177_20250402-105034,Laptop Lenovo V14 Core 5 120U/16GB/512GB/Win11 (83HD0001VN),19490000,17690000,47,12,1.4,ddr5,120u,lenovo,215.2,324.2,5,10,5200,60,2,card tích hợp,17.9,0,HD
0220042002829__l254_20250402-105034,Laptop Dell Inspiron 7440 Core 5 120U/16GB/1TB/OfficeHS/Win11 (N4I5006W1),30990000,28490000,54,12,1.4,ddr5,120u,dell,226.15,314,5,10,5200,60,2,card tích hợp,18.9,0,Full HD
0220042002830__l245_20250402-105034,Laptop Dell Inspiron 7440 Core 7 150U/16GB/1TB/OfficeHS/Win11 (N7440-C7U161W11IBU),33490000,30990000,64,12,1.8,ddr5,150u,dell,226.15,314,5.4,10,5200,60,2,card tích hợp,18.9,0,Full HD
0220042002831__l32_20250402-105034,Laptop Dell Inspiron 15 3520 i5 1235U/16GB/512GB/120Hz/OfficeHS/Win11 (N3520-i5U165W11BLU-FP),16990000,16490000,41,12,1.3,ddr4,1235u,dell,235.56,358.5,4.4,10,2666,120,2,card tích hợp,18.99,0,HD
0220042002833__l6_20250402-105034,Laptop Asus Vivobook 15 X1504ZA i5 1235U/16GB/512GB/Win11 (NJ1608W),16990000,14090000,42,12,1.3,ddr4,1235u,asus,232.5,359.7,4.4,10,3200,60,2,card tích hợp,17.9,0,HD
0220042002837__l99_20250402-105034,Laptop Acer Swift Lite 14 AI SFL14 51M 56HS Ultra 5 125U/16GB/512GB/Win11 (NX.J1HSV.002),19990000,18390000,58,14,1.3,ddr5,125u,acer,221.9,314.4,4.3,12,4800,60,2,card tích hợp,17.5,0,Full HD
0220042002843__l151_20250402-105034,Laptop Acer Swift Go SFG14 71 74CP i7 13700H/16GB/512GB/OfficeHS/Win11 (NX.KPZSV.004),28690000,28690000,65,20,2.4,lpddr5,13700h,acer,217.9,312.9,5,14,4800,90,0,card tích hợp,14.9,0,Full HD
0220042002844__l57_20250402-105034,Laptop Dell Inspiron 15 3520 i5 1235U/8GB/512GB/120Hz/OfficeHS/Win11 (N3520-i5U085W11SLU),15690000,14490000,41,12,1.3,ddr4,1235u,dell,235.56,358.5,4.4,10,2666,120,2,card tích hợp,18.99,0,HD
0220042002846__l193_20250402-105034,Laptop Dell Inspiron 15 3530 i5 1334U/16GB/512GB/120Hz/OfficeHS/Win11 (P16WD2),19190000,18490000,41,12,1.3,ddr4,1334u,dell,235.6,358.5,4.6,10,2666,120,2,card tích hợp,19,0,HD
0220042002848__l256_20250402-105034,Laptop Asus Zenbook S 14 UX5406SA Ultra 7 258V/32GB/1TB/120Hz/OfficeHS/Win11 (PV140WS),44990000,40990000,72,8,2.2,lpddr5,258v,asus,214.7,310.3,4.8,8,8533,120,0,card tích hợp,12.9,0,Full HD
0220042002850__l45_20250402-105034,Laptop MSI Modern 15 F13MG i5 1335U/16GB/512GB/Win11 (082VN),17190000,14190000,45,12,1.3,ddr4,1335u,msi,235.9,358.9,4.6,10,3200,60,2,card tích hợp,19.9,0,HD
0220042002851__l319_20250402-105034,Laptop Dell Inspiron 15 3530 i7 1355U/16GB/512GB/120Hz/OfficeHS/Win11 (N5I7240W1),22390000,21490000,54,12,1.7,ddr4,1355u,dell,235.56,358.5,5,10,2666,120,2,card tích hợp,18.99,0,HD
0220042002852__l118_20250402-105034,Laptop Dell Inspiron 15 3530 i7 1355U/16GB/1TB/120Hz/OfficeHS/Win11 (N3530-i7U161W11BLU-FP),23490000,22490000,54,12,1.7,ddr4,1355u,dell,235.56,358.5,5,10,2666,120,2,card tích hợp,18.99,0,HD
0220042002853__l82_20250402-105034,Laptop HP Envy x360 14 fc0162TU Ultra 5 125U/16GB/512GB/OfficeHS/Win11 (AY8X1PA),29890000,27890000,59,14,1.3,lpddr5,125u,hp,218.9,313.3,4.3,12,6400,120,0,card tích hợp,16.9,0,Full HD
0220042002854__l222_20250402-105034,Laptop HP Probook 460 G11 Ultra 5 125U/16GB/512GB/Win11 (A74BTPT),23690000,22990000,56,14,1.3,ddr5,125u,hp,251.1,359.4,4.3,12,5600,60,2,card tích hợp,17,0,Full HD
0220042002855__l287_20250402-105034,Laptop HP Probook 460 G11 Ultra 7 155U/16GB/512GB/Win11 (A74C0PT),27690000,26990000,56,14,1.7,ddr5,155u,hp,251.1,359.4,4.8,12,5600,60,2,card tích hợp,17,0,Full HD
0220042002856__l106_20250402-105034,Laptop HP Elitebook 630 G11 Ultra 7 155U/16GB/512GB/Win11 (A7LC5PT),28390000,26990000,56,14,1.7,ddr5,155u,hp,215.1,303.1,4.8,12,5600,60,2,card tích hợp,17,0,Full HD
0220042002966__l97_20250402-105034,Laptop Dell Inspiron 15 3520 i7 1255U/16GB/512GB/120Hz/OfficeHS/Win11 (N3520-i7U165W11BLU-FP),20990000,19990000,54,12,1.7,ddr4,1255u,dell,235.56,358.5,4.7,10,2666,120,2,card tích hợp,18.99,0,HD
0220042002858__l320_20250402-105034,Laptop HP Elitebook X360 830 G11 Ultra 5 135U/16GB/512GB/Win11 Pro (A7RB9PT),43990000,40790000,56,14,1.6,lpddr5,135u,hp,216.1,300,4.4,12,7467,60,0,card tích hợp,16.2,0,Full HD
0220042002859__l312_20250402-105034,Laptop HP Elitebook X360 830 G11 Ultra 7 165U/16GB/512GB/Win11 Pro (A7RC0PT),48990000,45290000,56,14,1.7,lpddr5,165u,hp,216.1,300,4.9,12,7467,60,0,card tích hợp,16.2,0,Full HD
0220042002860__l313_20250402-105034,Laptop HP Envy X360 14 fa0097AU R5 8640HS/16GB/512GB/OfficeHS/Win11 (AY8U7PA),29590000,26690000,59,12,1.3,lpddr5,8640hs,hp,218.9,313.3,4.9,6,6400,120,0,card tích hợp,16.9,0,Full HD
0220042002861__l296_20250402-105034,Laptop HP Envy X360 14 fc0153TU Ultra 7 155U/32GB/512GB/OfficeHS/Win11 (AY8V4PA),35990000,33190000,59,14,1.7,lpddr5,155u,hp,218.9,313.4,4.8,12,6400,120,0,card tích hợp,16.9,0,Full HD
0220042002862__l278_20250402-105034,Laptop MacBook Pro 14 inch M4 16GB/512GB,39990000,39590000,72.4,10,3.5,lpddr5x,m4,apple,221.2,312.6,4.4,10,7500,120,0,card tích hợp,15.5,0,Full HD
0220042002863__l278_20250402-105034,Laptop MacBook Pro 14 inch M4 16GB/512GB,39990000,39590000,72.4,10,3.5,lpddr5x,m4,apple,221.2,312.6,4.4,10,7500,120,0,card tích hợp,15.5,0,Full HD
0220042002868__l279_20250402-105034,Laptop MacBook Pro 14 inch M4 Pro 24GB/512GB,49990000,48690000,72.4,14,3.8,lpddr5x,m4,apple,221.2,312.6,4.5,12,7500,120,0,card tích hợp,15.5,0,Full HD
0220042002869__l279_20250402-105034,Laptop MacBook Pro 14 inch M4 Pro 24GB/512GB,49990000,49390000,72.4,14,3.8,lpddr5x,m4,apple,221.2,312.6,4.5,12,7500,120,0,card tích hợp,15.5,0,Full HD
0220042002873__l283_20250402-105034,Laptop MacBook Pro 16 inch M4 Pro 24GB/512GB,64990000,64490000,100,14,3.8,lpddr5x,m4,apple,248.1,355.7,4.5,14,7500,120,0,card tích hợp,16.8,0,Full HD
0220042002874__l291_20250402-105034,Laptop MacBook Pro 16 inch M4 Pro 48GB/512GB,74990000,74490000,100,14,3.8,lpddr5x,m4,apple,248.1,355.7,4.5,14,7500,120,0,card tích hợp,16.8,0,Full HD
0220042002875__l291_20250402-105034,Laptop MacBook Pro 16 inch M4 Pro 48GB/512GB,74990000,74490000,100,14,3.8,lpddr5x,m4,apple,248.1,355.7,4.5,14,7500,120,0,card tích hợp,16.8,0,Full HD
0220042002876__l297_20250402-105034,Laptop MacBook Pro 16 inch M4 Max 36GB/1TB,89990000,87990000,100,16,4,lpddr5x,m4,apple,248.1,355.7,4.5,14,7500,120,0,card tích hợp,16.8,0,Full HD
0220042002877__l297_20250402-105034,Laptop MacBook Pro 16 inch M4 Max 36GB/1TB,89990000,87990000,100,16,4,lpddr5x,m4,apple,248.1,355.7,4.5,14,7500,120,0,card tích hợp,16.8,0,Full HD
0220042002878__l14_20250402-105034,Laptop MacBook Air 13 inch M2 16GB/256GB,24990000,21490000,52.6,8,3.2,lpddr5,m2,apple,215,304.1,3.5,8,6400,60,0,card tích hợp,11.3,0,Full HD
0220042002880__l14_20250402-105034,Laptop MacBook Air 13 inch M2 16GB/256GB,24990000,21490000,52.6,8,3.2,lpddr5,m2,apple,215,304.1,3.5,8,6400,60,0,card tích hợp,11.3,0,Full HD
0220042002881__l14_20250402-105034,Laptop MacBook Air 13 inch M2 16GB/256GB,24990000,21090000,52.6,8,3.2,lpddr5,m2,apple,215,304.1,3.5,8,6400,60,0,card tích hợp,11.3,0,Full HD
0220042002882__l261_20250402-105034,Laptop MacBook Air 13 inch M3 16GB/ 256GB,27990000,24190000,52.6,8,3.4,lpddr5,m3,apple,215,304.1,4.05,8,6400,60,0,card tích hợp,11.3,0,Full HD
0220042002883__l261_20250402-105034,Laptop MacBook Air 13 inch M3 16GB/ 256GB,27990000,24190000,52.6,8,3.4,lpddr5,m3,apple,215,304.1,4.05,8,6400,60,0,card tích hợp,11.3,0,Full HD
0220042002884__l261_20250402-105034,Laptop MacBook Air 13 inch M3 16GB/ 256GB,27990000,24190000,52.6,8,3.4,lpddr5,m3,apple,215,304.1,4.05,8,6400,60,0,card tích hợp,11.3,0,Full HD
0220042002967__l65_20250402-105034,Laptop Dell Inspiron 15 3520 i7 1255U/16GB/512GB/120Hz/OfficeHS/KYHD/Win11 (25P2315),21090000,19990000,54,12,1.7,ddr4,1255u,dell,235.56,358.5,4.7,10,2666,120,2,card tích hợp,18.99,0,HD
0220042002885__l261_20250402-105034,Laptop MacBook Air 13 inch M3 16GB/ 256GB,27990000,24190000,52.6,8,3.4,lpddr5,m3,apple,215,304.1,4.05,8,6400,60,0,card tích hợp,11.3,0,Full HD
0220042002891__l285_20250402-105034,Laptop MacBook Air 15 inch M3 16GB/256GB/10GPU,32990000,29190000,66.5,8,3.4,lpddr5,m3,apple,237.6,340.4,4.05,8,6400,60,0,card tích hợp,11.5,0,Full HD
0220042002892__l285_20250402-105034,Laptop MacBook Air 15 inch M3 16GB/256GB/10GPU,32990000,29190000,66.5,8,3.4,lpddr5,m3,apple,237.6,340.4,4.05,8,6400,60,0,card tích hợp,11.5,0,Full HD
0220042002893__l285_20250402-105034,Laptop MacBook Air 15 inch M3 16GB/256GB/10GPU,32990000,29190000,66.5,8,3.4,lpddr5,m3,apple,237.6,340.4,4.05,8,6400,60,0,card tích hợp,11.5,0,Full HD
0220042002898__l280_20250402-105034,Laptop MacBook Pro 14 inch M4 Pro 24GB/1TB,54990000,54990000,72.4,14,3.8,lpddr5x,m4,apple,221.2,312.6,4.5,12,7500,120,0,card tích hợp,15.5,0,Full HD
0220042002899__l280_20250402-105034,Laptop MacBook Pro 14 inch M4 Pro 24GB/1TB,54990000,54990000,72.4,14,3.8,lpddr5x,m4,apple,221.2,312.6,4.5,12,7500,120,0,card tích hợp,15.5,0,Full HD
0220042002903__l281_20250402-105034,Laptop MacBook Pro 14 inch M4 Pro 48GB/1TB,64990000,64990000,72.4,14,3.8,lpddr5x,m4,apple,221.2,312.6,4.5,12,7500,120,0,card tích hợp,15.5,0,Full HD
0220042002904__l290_20250402-105034,Laptop MacBook Pro 16 inch M4 Pro 24GB/1TB,69990000,69490000,100,14,3.8,lpddr5x,m4,apple,248.1,355.7,4.5,14,7500,120,0,card tích hợp,16.8,0,Full HD
0220042002911__l284_20250402-105034,Laptop MacBook Pro 14 inch Nano M4 16GB/512GB,43790000,42590000,72.4,10,3.5,lpddr5x,m4,apple,221.2,312.6,4.4,10,7500,120,0,card tích hợp,15.5,0,Full HD
0220042002912__l282_20250402-105034,Laptop MacBook Pro 14 inch Nano M4 Pro 24GB/512GB,53790000,52390000,72.4,14,3.8,lpddr5x,m4,apple,221.2,312.6,4.5,12,7500,120,0,card tích hợp,15.5,0,Full HD
0220042002914__l300_20250402-105034,Laptop MacBook Pro 14 inch Nano M4 Max 36GB/1TB,83790000,82090000,72.4,16,4,lpddr5x,m4,apple,221.2,312.6,4.5,14,7500,120,0,card tích hợp,15.5,0,Full HD
0220042002915__l300_20250402-105034,Laptop MacBook Pro 14 inch Nano M4 Max 36GB/1TB,83790000,82090000,72.4,16,4,lpddr5x,m4,apple,221.2,312.6,4.5,14,7500,120,0,card tích hợp,15.5,0,Full HD
0220042002916__l301_20250402-105034,Laptop Apple MacBook Pro 16 inch Nano M4 Pro 24GB/512GB,68790000,68490000,100,14,3.8,lpddr5x,m4,apple,248.1,355.7,4.5,14,7500,120,0,card tích hợp,16.8,0,Full HD
0220042002925__l286_20250402-105034,Laptop MacBook Air 13 inch M2 24GB/512GB,34990000,30790000,52.6,8,3.2,lpddr5,m2,apple,215,304.1,3.5,8,6400,60,0,card tích hợp,11.3,0,Full HD
0220042002926__l286_20250402-105034,Laptop MacBook Air 13 inch M2 24GB/512GB,34990000,30790000,52.6,8,3.2,lpddr5,m2,apple,215,304.1,3.5,8,6400,60,0,card tích hợp,11.3,0,Full HD
0220042002928__l267_20250402-105034,Laptop Asus Vivobook S 15 S5507QA X1E 78 100/32GB/1TB/OfficeHS/Win11 (MA090WS),34990000,28990000,70,12,0.7,lpddr5,x1e 78 100,asus,226.9,352.6,3.4,12,8448,120,0,card tích hợp,15.9,0,HD
0220042002932__l276_20250402-105034,Laptop MSI Stealth A16 AI+ A3XVGG R9 AI HX 370/32GB/2TB/8GB RTX4070/120Hz/Balo/Chuột/Win11 (208VN),72490000,72490000,99.9,24,2,lpddr5,hx 370,msi,259.7,355.8,5.1,12,7500,120,0,card rời,19.95,8,Full HD
0220042002933__l273_20250402-105034,Laptop MSI Prestige 16 AI+ B2VMG Ultra 9 288V/32GB/1TB/Win11 (016VN),45990000,45990000,99.9,8,3.3,lpddr5,288v,msi,254.4,358.4,5.1,8,8533,60,0,card tích hợp,18.95,0,Full HD
0220042002934__l271_20250402-105034,Laptop MSI Prestige 13 AI+ A2VMG Ultra 7 258V/32GB/1TB/Win11 (040VN),38990000,38990000,75,8,2.2,lpddr5,258v,msi,210,299,4.8,8,8533,60,0,card tích hợp,16.9,0,Full HD
0220042002935__l325_20250402-105034,Laptop Lenovo Yoga 7 2in1 14IML9 Ultra 5 125H/16GB/512GB/Touch/Office/Win11 (83DJ00DMVN),26990000,26990000,71,18,1.2,lpddr5,125h,lenovo,222.13,317.72,4.5,14,7467,60,0,card tích hợp,16.64,0,Full HD
0220042002936__l323_20250402-105034,Laptop Lenovo IdeaPad Flex 5 14ABR8 R7 7730U/16GB/512GB/Touch/Win11 (82XX00DLVN),18990000,18990000,52.5,16,2,lpddr4,7730u,lenovo,224.9,313.1,4.5,8,4266,60,0,card tích hợp,17.8,0,Full HD
0220042002937__l322_20250402-105034,Laptop Lenovo IdeaPad 5 2in1 14Q8X9 X1P 42 100/16GB/512GB/Win11 (83GH001FVN),25990000,23990000,57,8,3.2,lpddr5,x1p 42 100,lenovo,227,313,3.4,8,8448,60,0,card tích hợp,17.5,0,Full HD
0220042002938__l166_20250402-105034,Laptop Lenovo ThinkBook 16 G6 i5 13420H/16GB/512GB/Win11 (21KH00Q0VN),20590000,19090000,71,12,2.1,ddr5,13420h,lenovo,253.5,356,4.6,8,5200,60,2,card tích hợp,17.5,0,Full HD
0220042002939__l226_20250402-105034,Laptop Lenovo ThinkPad E14 Ultra 7 155H/32GB/1TB/Win11 (21M70051VN),33490000,33490000,47,22,1.4,ddr5,155h,lenovo,219.3,313,4.8,16,5600,60,2,card tích hợp,17.99,0,Full HD
0220042002942__l324_20250402-105034,Laptop Lenovo ThinkPad X1 Carbon Ultra 7 165U/64GB/1TB/120Hz/Win11 Pro (21KC00AGVN),65390000,65390000,57,14,1.7,lpddr5,165u,lenovo,214.75,312.8,4.9,12,6400,120,0,card tích hợp,14.96,0,Full HD
0220042002945__l230_20250402-105034,Laptop Lenovo IdeaPad Slim 5 14Q8X9 X1P 42 100/16GB/512GB/Win11 (83HL000KVN),24990000,23190000,57,8,3.2,lpddr5,x1p 42 100,lenovo,221,312,3.4,8,8448,60,0,card tích hợp,16.9,0,Full HD
0220042002946__l138_20250402-105034,Laptop Lenovo Gaming LOQ 15IRX9 i7 13650HX/24GB/512GB/6GB RTX4050/144Hz/Win11 (83DV00UGVN),32990000,29690000,60,20,2.6,ddr5,13650hx,lenovo,258.7,359.86,4.9,14,4800,144,2,card rời,23.9,6,HD
0220042002947__l17_20250402-105034,Laptop Lenovo Gaming LOQ Essential 15IAX9E i5 12450HX/16GB/512GB/4GB RTX2050/144Hz/Win11 (83LK000BVN),19990000,17690000,57,12,2.4,ddr5,12450hx,lenovo,236,359.3,4.4,8,4800,144,1,card rời,22.95,4,HD
0220042002948__l114_20250402-105034,Laptop Lenovo ThinkBook 14 G6 i7 1355U/16GB/512GB/Win11 (21KG00BQVN),22990000,21590000,45,12,1.7,ddr5,1355u,lenovo,224,313.5,5,10,5200,60,2,card tích hợp,16.9,0,Full HD
0220042002949__l128_20250402-105034,Laptop Lenovo ThinkBook 16 G7 Ultra 7 155U/32GB/1TB/Win11 (21MS007HVN),30390000,28590000,45,14,1.7,ddr5,155u,lenovo,253.5,356,4.8,12,5600,60,2,card tích hợp,17.5,0,Full HD
0220042002950__l149_20250402-105034,Laptop Lenovo ThinkBook 14 G7 Ultra 7 155U/32GB/1TB/Win11 (21MR0070VN),30090000,28290000,45,14,1.7,ddr5,155u,lenovo,224,313.5,4.8,12,5600,60,2,card tích hợp,16.9,0,Full HD
0220042002951__l227_20250402-105034,Laptop Acer Swift AI SF14 51 53P9 Ultra 5 226V/16GB/1TB/Win11 (NX.J2KSV.002),34990000,34190000,65,8,2.1,lpddr5,226v,acer,221.2,312.4,4.5,8,8533,90,0,card tích hợp,15.95,0,Full HD
0220042002952__l239_20250402-105034,Laptop Acer Swift AI SF14 51 75VP Ultra 7 258V/32GB/1TB/Win11 (NX.J2KSV.001),39990000,39990000,65,8,2.2,lpddr5,258v,acer,221.2,312.4,4.8,8,8533,90,0,card tích hợp,15.95,0,Full HD
0220042002955__l140_20250402-105034,Laptop Dell Inspiron 14 5440 i5 1334U/16GB/512GB/OfficeHS/Win11 (NDY5V1),20990000,20490000,41,12,1.3,ddr5,1334u,dell,226.6,314,4.6,10,4400,60,2,card tích hợp,19.9,0,HD
0220042002962__l223_20250402-105034,Laptop Asus Vivobook S 14 S5406SA Ultra 5 226V/16GB/512GB/120Hz/OfficeHS/Win11 (PP060WS),28990000,25790000,75,8,2.1,lpddr5,226v,asus,221.9,310.5,4.5,8,7467,120,0,card tích hợp,15.9,0,Full HD
0220042002963__l262_20250402-105034,Laptop Asus Vivobook S 14 S5406SA Ultra 7 258V/32GB/1TB/120Hz/OfficeHS/Win11 (PP059WS),35990000,31990000,75,8,2.2,lpddr5,258v,asus,221.9,310.5,4.8,8,7467,120,0,card tích hợp,15.9,0,Full HD
0220042002969__l21_20250402-105034,Laptop Dell Inspiron 15 3520 i7 1255U/16GB/512GB/120Hz/OfficeHS/KYHD/Win11 (N5I7125W1),20690000,19490000,54,12,1.7,ddr4,1255u,dell,235.56,358.5,4.7,10,2666,120,2,card tích hợp,18.99,0,HD
0220042002970__l275_20250402-105034,Laptop Dell XPS 13 9340 Ultra 7 155H/16GB/1TB/OfficeHS/Win11 (HXRGT2),59990000,54490000,55,22,3.8,lpddr5,155h,dell,199,295.3,4.8,16,7467,120,0,card tích hợp,15.3,0,HD
0220042002971__l330_20250402-105034,Laptop Lenovo Yoga Slim 7 15ILL9 Ultra 7 258V/32GB/1TB/120Hz/OfficeHS/Win11 (83HM000GVN),42990000,41990000,70,8,2.2,lpddr5,258v,lenovo,235.4,343.8,4.8,8,8533,120,0,card tích hợp,13.9,0,Full HD
0220042002973__l327_20250402-105034,Laptop Lenovo Gaming Legion 7 16IRX9 i9 14900H/32GB/1TB/8GB RTX4070/165Hz/Win11,60990000,58990000,99.9,32,2.2,ddr5,14900hx,lenovo,262.5,357.7,5.8,24,5600,165,2,card rời,19.8,8,Full HD
0220042002976__l328_20250402-105034,Laptop Lenovo Yoga Pro 7 14ASP9 R9 AI 365/32GB/1TB/120Hz/OfficeHS/Win11 (83HN0022VN),41990000,39990000,73,20,2,lpddr5,365,lenovo,226.49,325.5,5,10,7500,120,0,card tích hợp,16.6,0,Full HD
0220042002978__l104_20250402-105034,Laptop Lenovo ThinkPad E14 Gen 6 Ultra 5 125U/32GB/1TB/Win11 (21M7004LVN),26190000,25690000,47,14,1.3,ddr5,125u,lenovo,219.3,313,4.3,12,5600,60,2,card tích hợp,17.99,0,Full HD
0220042002979__l79_20250402-105034,Laptop Acer Aspire Lite 16 G2 AL16 52P 76DU i7 1355U/16GB/512GB/Win11 (NX.J2SSV.005),17990000,16990000,58,12,1.7,ddr5,1355u,acer,247,357.6,5,10,4800,60,2,card tích hợp,18.9,0,Full HD
0220042002980__l68_20250402-105034,Laptop Acer Aspire Lite 16 G2 AL16 52P 572A i5 1334U/16GB/512GB/Win11 (NX.J2SSV.004),14790000,14090000,58,12,1.3,ddr5,1334u,acer,247,357.6,4.6,10,4800,60,2,card tích hợp,18.9,0,Full HD
0220042002981__l56_20250402-105034,Laptop Acer Aspire 16 AI A16 71M 59L5 Ultra 5 125H/16GB/512GB/Win11 (NX.J4YSV.001),19990000,18690000,53,18,1.2,lpddr5,125h,acer,253.22,359.7,4.5,14,8533,60,0,card tích hợp,17.9,0,HD
0220042002982__l134_20250402-105034,Laptop Acer Aspire 16 AI A16 71M 71U7 Ultra 7 155H/16GB/512GB/Win11 (NX.J4YSV.002),22990000,19990000,53,22,1.4,lpddr5,155h,acer,253.22,359.7,4.8,16,8533,60,0,card tích hợp,17.9,0,HD
0220042002986__l331_20250402-105034,Laptop LG Gram 14Z90S Ultra 5 125H/16GB/512GB/Win11 (14Z90S-G.AH55A5),36290000,28490000,72,18,1.2,lpddr5,125h,lg,214.3,312,4.5,14,6400,60,0,card tích hợp,16.9,0,Full HD
0220042002987__l332_20250402-105034,Laptop LG Gram 14Z90S Ultra 7 155H/16GB/512GB/Win11 (14Z90S-G.AH75A5),41390000,30990000,72,22,1.4,lpddr5,155h,lg,214.3,312,4.8,16,6400,60,0,card tích hợp,16.9,0,Full HD
0220042002988__l333_20250402-105034,Laptop LG Gram 16Z90S Ultra 7 155H/16GB/512GB/Win11 (16Z90S-G.AH76A5),45490000,39490000,77,22,1.4,lpddr5,155h,lg,242.3,355.1,4.8,16,7467,60,0,card tích hợp,16.8,0,Full HD
0220042002989__l334_20250402-105034,Laptop LG Gram 17Z90S Ultra 7 155H/16GB/1TB/Win11 (17Z90S-G.AH78A5),49290000,42990000,77,22,1.4,lpddr5,155h,lg,258.8,378.8,4.8,16,7467,60,0,card tích hợp,17.8,0,Full HD
0220042002990__l335_20250402-105034,Laptop LG Gram 16Z90SP Ultra 7 155H/16GB/512GB/Win11 (16Z90SP-K.AH78A5),51400000,47090000,77,22,3.8,lpddr5,155h,lg,251.6,357.7,4.8,16,7467,60,0,card tích hợp,12.4,0,Full HD
0220042002992__l2_20250402-105034,Laptop Dell Inspiron 15 3520 i5 1235U/16GB/512GB/120Hz/OfficeHS/Win11 (N5I5057W1),16990000,16490000,41,12,1.3,ddr4,1235u,dell,235.56,358.5,4.4,10,2666,120,2,card tích hợp,18.99,0,HD
0220042002993__l314_20250402-105034,Laptop HP Elitebook 635 Aero G11 R5 8640U/16GB/512GB/Win11 (A8WS6PT),25390000,24490000,43,12,3.5,lpddr5,8640u,hp,211.2,297.3,4.9,6,6400,60,0,card tích hợp,15.1,0,Full HD
0220042002994__l336_20250402-105034,Laptop HP Elitebook 635 Aero G11 R7 8840HS/16GB/512GB/Win11 (A8WS7PT),27990000,26990000,43,16,3.3,lpddr5,8840hs,hp,211.2,297.3,5.1,8,6400,60,0,card tích hợp,15.1,0,Full HD
0220042002995__l8_20250402-105034,Laptop Lenovo IdeaPad Slim 3 15IRH10 i5 13420H/16GB/512GB/Win11 (83K1000HVN),16490000,16190000,60,12,2.1,ddr5,13420h,lenovo,239.5,343.4,4.6,8,4800,60,2,card tích hợp,17.9,0,HD
0220042002996__l54_20250402-105034,Laptop Lenovo IdeaPad Slim 3 15IRH10 i7 13620H/24GB/512GB/Win11 (83K1000FVN),20490000,20090000,60,16,2.4,ddr5,13620h,lenovo,239.5,343.4,4.9,10,4800,60,2,card tích hợp,17.9,0,HD